beer	alcohol	Beer	ciqual	neutral	18.1	0.4	0.0			f
wine	alcohol	Wine	ciqual	neutral	82.1	0.1	0.0			f
blackberry	berries	Blackberry, raw	ciqual	neutral	47.3	1.13	0.7			f
blueberries	berries	Blueberries	ciqual	neutral	57.7	0.9	0.3			f
blueberry	berries	Blueberry, raw	ciqual	neutral	57.7	0.87	0.33			f
cranberry_sugar	berries	Cranberry, dried, with sugar	ciqual	neutral	333	0.5	1			t
mixed_berries	berries	Mixed berries	ciqual	neutral	49.4	1.1	0.3			f
raspberries	berries	Raspberries	ciqual	neutral	49.2	1.2	0.8			f
raspberry	berries	Raspberry, raw	ciqual	neutral	49.2	1.19	0.8			f
strawberries	berries	Strawberries	ciqual	neutral	38.6	0.6	0.4			f
strawberry	berries	Strawberry, raw	ciqual	neutral	38.6	0.63	0.5			f
clementine	citrus	Clementine	ciqual	neutral	47.3	0.8	0.2	80		f
clementine_mandarin_orange_pulp	citrus	Clementine or Mandarin orange, pulp, raw -> ARCHIVE	ciqual	neutral	47.3	0.81	0.5			f
grapefruit	citrus	Grapefruit	ciqual	neutral	39.9	0.8	0.0	200		f
grapefruit_pulp	citrus	Grapefruit, pulp, raw	ciqual	neutral	39.8	0.5	0.5			f
lemon	citrus	Lemon	ciqual	neutral	27.6	0.4	0.3	60		f
lemon_pulp	citrus	Lemon, pulp, raw	ciqual	neutral	27.6	0.5	0.5			f
lemon_wedge	citrus	Lemon wedge	manual	neutral	27.6	0.4	0.3	10		f
lime	citrus	Lime	ciqual	neutral	40.2	1.1	0.2	45		f
lime_pulp	citrus	Lime, pulp, raw	ciqual	neutral	40.2	1.13	0.3			f
orange	citrus	Orange	ciqual	neutral	45.5	0.8	0.2	150		f
orange_pulp	citrus	Orange, pulp, raw	ciqual	neutral	45.5	0.75	0.5			f
coffee	coffee_tea	Coffee	ciqual	neutral	6.9	0.1	0.0			f
tea	coffee_tea	Tea	ciqual	neutral	0.1	0.0	0.0			f
broccoli	cruciferous_veg	Broccoli	ciqual	veg_shrinks	32.7	4.0	0.5	300.0		f
broccoli_water_crunchy	cruciferous_veg	Broccoli, boiled/cooked in water, crunchy	ciqual	neutral	23.5	2.5	0.4			f
broccoli_water_tender	cruciferous_veg	Broccoli, boiled/cooked in water, tender	ciqual	neutral	23.1	2.19	0.5			f
brussels_sprout_water	cruciferous_veg	Brussels sprout, boiled/cooked in water	ciqual	neutral	45.4	3.19	0.3			f
brussels_sprouts	cruciferous_veg	Brussels sprouts	ciqual	veg_shrinks	50.1	4.0	0.4			f
cabbage	cruciferous_veg	Cabbage	ciqual	veg_shrinks	27.6	2.5	0.4			f
cauliflower	cruciferous_veg	Cauliflower	ciqual	veg_shrinks	26.2	1.8	0.7			f
green_cabbage_water	cruciferous_veg	Green cabbage, boiled/cooked in water	ciqual	neutral	21.6	1.63	0.3			f
kale	cruciferous_veg	Kale	ciqual	veg_shrinks	53.6	4.3	1.1			f
pak_choi	cruciferous_veg	Pak choi	ciqual	veg_shrinks	16.0	1.4	0.2			f
radish	cruciferous_veg	Radish	ciqual	neutral	29.2	0.9	0.1			f
radish_black	cruciferous_veg	Radish, black, raw	ciqual	veg_shrinks	29.2	0.94	0.3			f
red_cabbage	cruciferous_veg	Red cabbage	ciqual	veg_shrinks	30.0	1.1	0.2			f
romanesco_cauliflower_romanesco_broccoli	cruciferous_veg	Romanesco cauliflower or romanesco broccoli, cooked	ciqual	neutral	35.8	3	0.8			f
turnip_water	cruciferous_veg	Turnip, boiled/cooked in water	ciqual	neutral	21.1	0.75	0.3			f
white_cabbage	cruciferous_veg	White cabbage, raw	ciqual	veg_shrinks	36.5	1.38	0.6			f
white_cabbage_water	cruciferous_veg	White cabbage, boiled/cooked in water	ciqual	neutral	23.5	1	0.3			f
cheddar	dairy_cheese	Cheddar	ciqual	neutral	399.0	24.0	33.8			f
cream_cheese	dairy_cheese	Cream cheese	manual	neutral	253.0	6.0	24.0			t
feta	dairy_cheese	Feta	ciqual	neutral	285.0	15.1	24.3			f
goat_cheese	dairy_cheese	Goat cheese	ciqual	neutral	103.0	20.6	2.3			f
halloumi	dairy_cheese	Halloumi	manual	neutral	321.0	22.0	25.0			f
mozzarella	dairy_cheese	Mozzarella	ciqual	neutral	227.0	16.5	17.7	125.0		f
parmesan	dairy_cheese	Parmesan	ciqual	neutral	406.0	31.1	31.0			f
caramelized_custard_cream_refrigerated	dairy_yogurt	Caramelized custard cream (crème brûlée), refrigerated	ciqual	neutral	272	4.46	20.8			t
cheesecake	dairy_yogurt	Cheesecake, prepacked	ciqual	neutral	330	4.57	20.3			t
chestnut_mousse	dairy_yogurt	Chestnut mousse, prepacked	ciqual	neutral	207	2.17	6.5			f
chocolate_cake_w_melting	dairy_yogurt	Chocolate cake w melting centre, prepacked (refrigerated)	ciqual	neutral	364	6.86	18.1			t
chocolate_mousse_refrigerated	dairy_yogurt	Chocolate mousse (milk-based), refrigerated	ciqual	neutral	150	5.42	4.4			f
coconut_yogurt	dairy_yogurt	Coconut yogurt, plain	manual	neutral	140	1.5	12.0			f
cottage_cheese	dairy_yogurt	Cottage cheese	manual	neutral	98.0	11.1	4.3			f
cream_cheese_around_3	dairy_yogurt	Fresh cream cheese, plain, around 3% fat	ciqual	neutral	76.9	8.03	3.26			f
cream_cheese_creamy_around	dairy_yogurt	Fresh cream cheese, plain, creamy, around 8% fat	ciqual	neutral	116	6.19	7.65			f
cream_cheese_fat_free	dairy_yogurt	Fresh cream cheese, plain, fat free	ciqual	neutral	49.4	7.95	0.044			f
custard_cream_caramel_sauce	dairy_yogurt	Custard cream with caramel sauce, refrigerated	ciqual	neutral	132	4.45	3.6			f
custard_cream_eggs_refrigerated	dairy_yogurt	Custard cream with eggs (a small jar of chocolate or vanilla cream or other fl	ciqual	neutral	176	4.32	8.88			f
custard_dessert	dairy_yogurt	Custard dessert, canned (average)	ciqual	neutral	135	3.49	3.52			f
custard_dessert_caramel_refrigerated	dairy_yogurt	Custard dessert, caramel, refrigerated	ciqual	neutral	117	2.92	3.47			f
custard_dessert_chocolate	dairy_yogurt	Custard dessert, chocolate, canned	ciqual	neutral	138	3.25	3.42			f
custard_dessert_chocolate_refrigerated	dairy_yogurt	Custard dessert, chocolate, refrigerated	ciqual	neutral	130	3.39	3.93			f
custard_dessert_coffee_refrigerated	dairy_yogurt	Custard dessert, coffee, refrigerated	ciqual	neutral	116	2.93	3.69			f
custard_dessert_reduced_fat	dairy_yogurt	Custard dessert, reduced fat, refrigerated	ciqual	neutral	79.2	3.64	1.3			f
custard_dessert_refrigerated	dairy_yogurt	Custard dessert, refrigerated (average)	ciqual	neutral	133	3.42	5.1			f
custard_dessert_vanilla	dairy_yogurt	Custard dessert, vanilla, canned	ciqual	neutral	132	3.7	3.62			f
custard_dessert_vanilla_refrigerated	dairy_yogurt	Custard dessert, vanilla, refrigerated	ciqual	neutral	105	3.06	3.6			f
dairy_drink_fermented_milk	dairy_yogurt	Dairy drink or fermented milk or yogurt, flavoured, with sugar	ciqual	neutral	73.7	2.98	1.4			f
eggnog_alcohol	dairy_yogurt	Eggnog, without alcohol	ciqual	neutral	87.8	4.55	4.19			f
fermented_milk_dairy_specialty	dairy_yogurt	Fermented milk or dairy specialty, yogurt type, plain, with bifidus	ciqual	neutral	64.5	3.84	3.6			f
fermented_milk_drink_milk	dairy_yogurt	Fermented milk drink, plain, whole milk	ciqual	neutral	55.7	3.38	3.2			f
fermented_milk_drink_skimmed	dairy_yogurt	Fermented milk drink, plain, skimmed milk	ciqual	neutral	33.6	3.51	0.6			f
flan_eggs_refrigerated	dairy_yogurt	Flan with eggs, refrigerated	ciqual	neutral	111	4.08	2.2			f
floating_island_refrigerated	dairy_yogurt	Floating island (meringue poached in milk and served in a light custard cream)	ciqual	neutral	129	4.98	3.31			f
french_toast	dairy_yogurt	French toast	ciqual	neutral	218	6	8.45			f
fromage_blanc	dairy_yogurt	Fromage blanc	ciqual	neutral	76.9	8.0	3.3			f
fruit_liegeois	dairy_yogurt	Fruit liegeois, prepacked	ciqual	neutral	147	1.5	8.1			f
fruit_mousse_refrigerated	dairy_yogurt	Fruit mousse, refrigerated	ciqual	neutral	53.1	6.25	0.3			f
fruits_batter_pudding	dairy_yogurt	Fruits batter-pudding, prepacked	ciqual	neutral	192	5.22	6.51			f
greek_yogurt	dairy_yogurt	Greek yogurt	ciqual	neutral	113.1	3.3	9.2			f
kefir	dairy_yogurt	Kefir	ciqual	neutral	62.3	3.2	3.5			f
milk_jelly_flavoured_covered	dairy_yogurt	Milk jelly, flavoured, covered with caramel, refrigerated	ciqual	neutral	91.9	2.55	1.3			f
milk_semi	dairy_yogurt	Semi-skimmed milk	manual	neutral	46.0	3.3	1.6			f
milkshake_fast_foods_restaurant	dairy_yogurt	Milkshake, from fast foods restaurant	ciqual	neutral	126	3.38	4.66			f
mousse_chocolate	dairy_yogurt	Mousse, chocolate, prepacked	ciqual	neutral	303	6.52	18.6			t
mousse_chocolate_plant_based	dairy_yogurt	Mousse, chocolate, plant-based, prepacked	ciqual	neutral	262	6.69	14			t
mousse_topped_whipped_cream	dairy_yogurt	Mousse (chocolate, coffee, caramel or vanilla) topped with whipped cream, refr	ciqual	neutral	186	3.62	10.1			f
panna_cotta_refrigerated	dairy_yogurt	Panna cotta, refrigerated	ciqual	neutral	198	2.74	13			f
pastry_cream_custard	dairy_yogurt	Pastry cream or custard	ciqual	neutral	120	3.79	3.6			f
petit_suisse_cream_cheese	dairy_yogurt	Petit-Suisse, fresh cream cheese type, plain, around 4% fat	ciqual	neutral	88.8	9.95	4			f
petit_suisse_like_cream	dairy_yogurt	Petit-Suisse like fresh cream cheese, plain, around 9% fat	ciqual	neutral	149	9.7	10.4			f
plain_yogurt	dairy_yogurt	Plain yogurt	manual	neutral	59.0	3.5	3.3			f
plant_based_dessert_flavoured	dairy_yogurt	Plant-based dessert (almond, oat, hemp, coconut, rice), flavoured, sweet, not 	ciqual	neutral	148	1.66	8			f
plant_based_dessert_soybean	dairy_yogurt	Plant-based dessert without soybean (coconut, rice), with fruits, sweet, forti	ciqual	neutral	76.6	0.42	1			f
profiteroles_custard_chocolate_sauce	dairy_yogurt	Profiteroles (chou pastry), with custard and chocolate sauce, prepacked	ciqual	neutral	273	5.51	12.2			t
quark_fruit	dairy_yogurt	Quark, plain or fruit (average)	ciqual	neutral	87.7	7.1	4.31			f
rice_pudding_cake	dairy_yogurt	Rice pudding, cake, canned	ciqual	neutral	115	4.29	1.9			f
rice_pudding_refrigerated	dairy_yogurt	Rice pudding, refrigerated	ciqual	neutral	126	3.34	3.01			f
rice_pudding_w_caramel	dairy_yogurt	Rice pudding w caramel sauce, refrigerated	ciqual	neutral	143	3.19	3.1			f
semolina_pudding	dairy_yogurt	Semolina pudding, canned	ciqual	neutral	150	2.85	3.03			f
semolina_pudding_raisins_caramel	dairy_yogurt	Semolina pudding, with raisins and caramel sauce, refrigerated	ciqual	neutral	146	3.81	3.4			f
semolina_pudding_refrigerated	dairy_yogurt	Semolina pudding, refrigerated	ciqual	neutral	121	3.46	3.23			f
skyr	dairy_yogurt	Skyr	manual	neutral	63.0	11.0	0.2			f
soft_cheese_around_6	dairy_yogurt	Drained soft fresh cheese, around 6% fat	ciqual	neutral	84.2	4.47	5.5			f
soy_dessert_flavoured_sweet	dairy_yogurt	Soy dessert, flavoured, sweet, not fortified, prepacked	ciqual	neutral	93.1	2.74	1.7			f
soy_dessert_fortified_calcium	dairy_yogurt	Soy dessert, plain, fortified with calcium, prepacked	ciqual	neutral	42	3.59	2.1			f
soy_dessert_not_fortified	dairy_yogurt	Soy dessert, plain, not fortified, prepacked	ciqual	neutral	44.7	3.76	1.9			f
soy_dessert_w_almonds	dairy_yogurt	Soy dessert, w almonds, prepacked	ciqual	neutral	56	3.65	2.8			f
soy_dessert_w_fruits	dairy_yogurt	Soy dessert, w fruits, sweet, not fortified, prepacked	ciqual	neutral	78	3.31	1.7			f
tiramisu	dairy_yogurt	Tiramisu, prepacked	ciqual	neutral	241	4.25	9.8			f
yoghurt	dairy_yogurt	Yoghurt, plain (average)	ciqual	neutral	56.8	3.88	2.3			f
yoghurt_fruit	dairy_yogurt	Yoghurt, fruit (average)	ciqual	neutral	93.1	3.2	2.89			f
yoghurt_high_protein_on	dairy_yogurt	Yoghurt, high in protein, on a fruit layer	ciqual	neutral	98.3	7.46	2.29			f
yogurt_ewe_s_milk	dairy_yogurt	Yogurt, ewe's milk, flavoured, w sugar	ciqual	neutral	93.7	5.04	3.7			f
yogurt_fermented_milk_dairy	dairy_yogurt	Yogurt, fermented milk or dairy specialty, plain	ciqual	neutral	45.5	3.96	1.5			f
yogurt_goat_s_milk	dairy_yogurt	Yogurt, goat's milk, plain, around 5% fat	ciqual	neutral	73.4	4.15	5.2			f
yogurt_greek_style_ewe	dairy_yogurt	Yogurt, Greek-style, ewe's milk	ciqual	neutral	69.1	3.84	3.4			f
duck_egg	eggs	Duck egg, raw	ciqual	neutral	181	13	13.8			f
egg	eggs	Egg, raw	ciqual	neutral	140	12.7	9.83	55.0		f
egg_added_fat	eggs	Egg, fried without added fat	ciqual	neutral	147	13.8	9.72			f
egg_hard	eggs	Egg, hard-boiled	ciqual	neutral	134	13.5	8.62	55.0		f
egg_powder	eggs	Egg, powder	ciqual	neutral	582	47.9	42			t
egg_scrambled_added_fat	eggs	Egg, scrambled, with added fat	ciqual	neutral	145	9.99	11			f
egg_soft	eggs	Egg, soft-boiled	ciqual	neutral	142	12.2	9.82			f
egg_white	eggs	Egg white	ciqual	neutral	48.1	10.8	0.2	33		f
egg_white_powder	eggs	Egg white, powder	ciqual	neutral	356	81.2	0			t
egg_yolk	eggs	Egg yolk	ciqual	neutral	307.0	15.5	26.7	18		t
egg_yolk_powder	eggs	Egg yolk, powder	ciqual	neutral	660	34.1	57			t
goose_egg	eggs	Goose egg, raw	ciqual	neutral	180	13.8	13.3			f
omelette_cheese	eggs	Omelette, with cheese	ciqual	neutral	255	17.7	19.3			t
omelette_herbs	eggs	Omelette, with herbs	ciqual	neutral	147	9.5	11.2			f
omelette_lardoons	eggs	Omelette, with lardoons	ciqual	neutral	267	12.5	23.5			t
omelette_mushrooms	eggs	Omelette, with mushrooms	ciqual	neutral	125	8.09	9.2			f
omelette_vegetables_cheese_meat	eggs	Omelette, with vegetables, cheese, meat	ciqual	neutral	184	9.82	13.5			f
quail_egg	eggs	Quail egg, raw	ciqual	neutral	154	13.1	11.1			f
spanish_style_tortilla_onions	eggs	Spanish-style tortilla with onions (omelette with potatoes and onions), prepac	ciqual	neutral	165	5.56	9.9			f
turkey_egg	eggs	Turkey egg, raw	ciqual	neutral	166	13.7	11.9			f
whole_eggs	eggs	Eggs	ciqual	neutral	140.0	12.7	9.8	55		f
anchovy	fatty_fish	Anchovies	ciqual	neutral	182.0	26.4	8.4			f
herring	fatty_fish	Herring	ciqual	fish_shrinks	176.0	17.7	11.7			f
mackerel	fatty_fish	Mackerel	ciqual	fish_shrinks	194.0	18.1	13.5			f
salmon	fatty_fish	Salmon	ciqual	fish_shrinks	194.0	20.5	12.4	130.0		f
sardines	fatty_fish	Sardines	ciqual	neutral	207.0	24.4	12.0	90.0		f
smoked_salmon	fatty_fish	Smoked salmon	ciqual	neutral	178.0	22.0	9.5			f
trout	fatty_fish	Trout	ciqual	fish_shrinks	111.0	19.6	3.6			f
chips_fries	fried_food	Chips / fries	ciqual	neutral	213.0	3.8	6.6			t
crisps	fried_food	Crisps	ciqual	neutral	545.0	5.7	34.3			t
herbs_basil	leafy_greens	Basil	ciqual	neutral	34.8	3.4	0.5		5	f
herbs_bay_leaf	leafy_greens	Bay leaf, dried	manual	neutral	313	7.6	8.4	0.2	0.2	f
herbs_chives	leafy_greens	Chives	manual	neutral	30	3.0	0.7		5	f
herbs_coriander	leafy_greens	Coriander	ciqual	neutral	22.3	2.1	0.5		5	f
herbs_dill	leafy_greens	Dill	manual	neutral	43	3.5	1.1		5	f
herbs_mint	leafy_greens	Mint	ciqual	neutral	57.6	3.5	0.8		5	f
herbs_parsley	leafy_greens	Parsley	ciqual	neutral	43.0	3.7	0.6		5	f
herbs_thyme	leafy_greens	Thyme	ciqual	neutral	285.0	9.1	7.4	1.0	1.0	f
lamb_s_lettuce	leafy_greens	Lamb's lettuce, raw	ciqual	veg_shrinks	16.8	2	0.5			f
lettuce	leafy_greens	Lettuce	ciqual	neutral	14.7	1.3	0.2	100.0		f
lettuce_oak_leaf	leafy_greens	Lettuce, oak-leaf, raw	ciqual	veg_shrinks	14.3	1.13	0.5			f
lettuce_sucrine	leafy_greens	Lettuce, sucrine, raw	ciqual	veg_shrinks	17.9	1.13	0.3			f
lettuce_var_batavia	leafy_greens	Lettuce, var. batavia, raw	ciqual	veg_shrinks	17.9	1.25	0.5			f
mixed_leaves	leafy_greens	Mixed salad leaves	manual	neutral	17	1.5	0.3			f
rocket	leafy_greens	Rocket	ciqual	neutral	27.9	2.6	0.7			f
spinach	leafy_greens	Spinach	ciqual	veg_shrinks	28.7	2.6	0.5			f
spinach_water	leafy_greens	Spinach, boiled/cooked in water	ciqual	neutral	28.1	3.38	0.7			f
spinach_young_leaves	leafy_greens	Spinach, young leaves, raw	ciqual	veg_shrinks	18.3	2.06	0.4			f
swiss_chard	leafy_greens	Swiss chard	ciqual	veg_shrinks	16.4	1.0	0.2			f
swiss_chard_leaf_stalk	leafy_greens	Swiss chard, leaf and stalk, boiled/cooked in water	ciqual	neutral	16.9	0.88	0.3			f
watercress	leafy_greens	Watercress	ciqual	neutral	27.1	2.5	0.6			f
ham	lean_protein	Ham	ciqual	neutral	135.0	20.0	5.8			f
pork_loin	lean_protein	Pork loin	ciqual	meat_shrinks	123.0	21.2	4.1			f
turkey_breast	lean_protein	Turkey breast	ciqual	meat_shrinks	109.0	24.1	1.2			f
baked_beans	legumes	Baked beans	manual	neutral	94.0	4.8	0.6	400.0		f
black_beans	legumes	Black beans	manual	neutral	132.0	8.9	0.5	240.0		f
broad_beans	legumes	Broad beans	ciqual	neutral	82.9	8.1	0.8			f
chickpeas_dry	legumes	Chickpeas (dry)	ciqual	legume_absorbs	351.2	20.5	5.8			f
chickpeas_tinned	legumes	Chickpeas (tinned)	ciqual	neutral	122.0	6.7	2.7	240.0		f
edamame	legumes	Edamame	manual	neutral	121.0	12.0	5.2			f
green_peas	legumes	Peas	ciqual	neutral	61.4	5.8	0.9			f
hummus	legumes	Hummus	ciqual	neutral	288.3	8.2	23.9			f
kidney_beans	legumes	Kidney beans	ciqual	neutral	108.0	8.3	1.0			f
lentils_cooked	legumes	Lentils (cooked)	ciqual	neutral	104.1	9.0	0.4			f
lentils_dry	legumes	Lentils (dry)	ciqual	legume_absorbs	331.3	25.4	1.3			f
white_beans	legumes	White beans	ciqual	neutral	87.5	6.6	0.4	240.0		f
artichoke	non_starchy_veg	Artichoke, steamed	ciqual	neutral	47.3	2.63	0.3			f
artichoke_base	non_starchy_veg	Artichoke base, canned, drained	ciqual	neutral	25.2	1.2	0.5			f
artichoke_heart	non_starchy_veg	Artichoke, heart, canned, drained	ciqual	neutral	26	1.8	0.5			f
asparagus	non_starchy_veg	Asparagus	ciqual	veg_shrinks	23.5	2.0	0.2			f
asparagus_green_water	non_starchy_veg	Asparagus, green, boiled/cooked in water	ciqual	neutral	26.6	2.69	0.3			f
asparagus_white_water	non_starchy_veg	Asparagus, white, boiled/cooked in water	ciqual	neutral	18.6	1.44	0.3			f
aubergine	non_starchy_veg	Aubergine	ciqual	veg_shrinks	20.7	1.1	0.1	250.0		f
avocado_pulp	non_starchy_veg	Avocado, pulp, raw	ciqual	veg_shrinks	205	1.56	20.6	140.0		f
bamboo_shoots	non_starchy_veg	Bamboo shoots, raw	ciqual	veg_shrinks	35.1	2.52	0.2			f
bell_pepper	non_starchy_veg	Bell pepper	ciqual	veg_shrinks	26.0	0.8	0.3	150.0		f
butter_bean_yellow_bean	non_starchy_veg	Butter bean or yellow bean, boiled/cooked in water	ciqual	neutral	34.6	2.19	0.3			f
button_mushroom_cultivated_mushroom	non_starchy_veg	Button mushroom or cultivated mushroom, raw	ciqual	veg_shrinks	28	2.62	0.36			f
caesar_s_mushroom_royal	non_starchy_veg	Caesar's mushroom or royal agaric, raw	ciqual	veg_shrinks	23.2	2	0.3			f
carrot	non_starchy_veg	Carrot	ciqual	veg_shrinks	40.2	0.6	0.2	70		f
carrot_water_crunchy	non_starchy_veg	Carrot, boiled/cooked in water, crunchy	ciqual	neutral	35.7	0.75	0.3			f
carrot_water_tender	non_starchy_veg	Carrot, boiled/cooked in water, tender	ciqual	neutral	31.6	0.5	0.3			f
carrots_puree	non_starchy_veg	Carrots, puree	ciqual	veg_shrinks	31.5	0.88	0.3			f
carrots_puree_cream	non_starchy_veg	Carrots, puree with cream	ciqual	veg_shrinks	44.4	1.44	1.6			f
celeriac	non_starchy_veg	Celeriac, raw	ciqual	veg_shrinks	29.3	1.38	0.5			f
celeriac_water	non_starchy_veg	Celeriac, boiled/cooked in water	ciqual	neutral	26.2	0.94	0.3			f
celery	non_starchy_veg	Celery	ciqual	neutral	17.6	0.6	0.2	40.0		f
celery_stalk	non_starchy_veg	Celery stalk, raw	ciqual	veg_shrinks	17.6	0.63	0.5	40.0		f
cep_boletus_mushroom	non_starchy_veg	Cep or boletus mushroom, raw	ciqual	veg_shrinks	31.6	3.13	0.43			f
chanterelle_girolle_mushroom	non_starchy_veg	Chanterelle or girolle mushroom, raw	ciqual	veg_shrinks	33.1	2.28	0.78			f
chayote_island_la_reunion	non_starchy_veg	Chayote, without skin, steamed, from the Island La Réunion (Sechium edule)	ciqual	neutral	22.2	0.63	0.3			f
chicory	non_starchy_veg	Chicory, raw	ciqual	veg_shrinks	20.2	1.19	0.5			f
chilli	non_starchy_veg	Chilli	ciqual	neutral	44.5	1.9	0.3	10		f
chinese_cabbageor_bok_choi	non_starchy_veg	Chinese cabbageor bok choï bredes, rods and leafs, steamed, from the island La	ciqual	neutral	17.7	1.69	0.3			f
chinese_japanese_artichokes	non_starchy_veg	Chinese or Japanese artichokes, cooked	ciqual	neutral	50.8	2.13	0.5			f
coleslaw_mix	non_starchy_veg	Cabbage and carrot slaw mix (undressed)	manual	neutral	30	1.2	0.2			f
courgette	non_starchy_veg	Courgette	ciqual	veg_shrinks	16.5	1.2	0.3	200.0		f
courgette_zucchini_pulp_peel	non_starchy_veg	Courgette or zucchini, pulp and peel, raw	ciqual	veg_shrinks	16.5	1.23	0.26			f
cucumber	non_starchy_veg	Cucumber	ciqual	neutral	14.7	0.6	0.1	300.0		f
cucumber_pulp	non_starchy_veg	Cucumber, pulp, raw	ciqual	veg_shrinks	14.7	0.56	0.5			f
cucumber_pulp_peel	non_starchy_veg	Cucumber, pulp and peel, raw	ciqual	veg_shrinks	15.6	0.64	0.11			f
eggplant_pulp	non_starchy_veg	Eggplant, pulp and skin, roasted/baked	ciqual	neutral	33.8	1.31	0.3			f
fennel	non_starchy_veg	Fennel	ciqual	veg_shrinks	21.8	1.0	0.2	250.0		f
field_mushroom	non_starchy_veg	Field mushroom, raw	ciqual	veg_shrinks	25.3	2.3	0.4			f
french_bean	non_starchy_veg	French bean, frozen, raw	ciqual	veg_shrinks	34	1.97	0.17			f
french_bean_water	non_starchy_veg	French bean, boiled/cooked in water	ciqual	neutral	28	1.75	0.3			f
garden_peas	non_starchy_veg	Garden peas, canned, drained	ciqual	neutral	81.5	5.12	0.8			f
garden_peas_carrots	non_starchy_veg	Garden peas and carrots, canned, drained	ciqual	neutral	49	2.51	0.33			f
garden_peas_water	non_starchy_veg	Garden peas, boiled/cooked in water	ciqual	neutral	80.3	6.38	0.6			f
garlic	non_starchy_veg	Garlic	ciqual	neutral	111.0	5.3	0.5	5		f
ginger	non_starchy_veg	Ginger	ciqual	neutral	32.9	1.1	1.1			f
green_beans	non_starchy_veg	Green beans	ciqual	veg_shrinks	31.6	1.9	0.2			f
leek	non_starchy_veg	Leek	ciqual	veg_shrinks	32.3	1.5	0.2	100.0		f
leek_water	non_starchy_veg	Leek, boiled/cooked in water	ciqual	neutral	27.4	2.56	0.3			f
lima_bean	non_starchy_veg	Lima bean, raw	ciqual	veg_shrinks	105	6.84	0.86			f
mixed_vegetables	non_starchy_veg	Mixed vegetables, frozen, raw	ciqual	veg_shrinks	65.1	2.26	2.65			f
mixed_vegetables_couscous	non_starchy_veg	Mixed vegetables for couscous, frozen, raw	ciqual	veg_shrinks	46.5	2.05	0.7			f
mixed_vegetables_soups	non_starchy_veg	Mixed vegetables for soups, frozen, raw	ciqual	veg_shrinks	34.1	1.44	0.44			f
morel	non_starchy_veg	Morel, raw	ciqual	veg_shrinks	24.5	3.16	0.54			f
mushroom	non_starchy_veg	Mushrooms	ciqual	veg_shrinks	28.0	2.6	0.4	15.0		f
mushroom_all_types	non_starchy_veg	Mushroom, all types, raw	ciqual	veg_shrinks	21.7	2.37	0.23			f
olives	non_starchy_veg	Olives	ciqual	neutral	195.6	1.5	19.5			t
onion	non_starchy_veg	Onion	ciqual	veg_shrinks	38.4	1.1	0.6	110		f
onion_red_sauteed_pan	non_starchy_veg	Onion, red, sautéed/pan-fried, without fat	ciqual	neutral	42.4	1.69	0.3			f
onion_white_yellow_sauteed	non_starchy_veg	Onion, white or yellow, sautéed/pan-fried, without fat	ciqual	neutral	40.2	1.56	0.3			f
oyster_mushroom	non_starchy_veg	Oyster mushroom, raw	ciqual	veg_shrinks	25.5	3.06	0.36			f
passata	non_starchy_veg	Passata	ciqual	neutral	47.1	1.4	0.4			f
peas_frozen	non_starchy_veg	Frozen mixed vegetables	ciqual	neutral	65.1	2.3	2.6			f
pepper_sweet_green_sauteed	non_starchy_veg	Pepper, sweet, green, sautéed/pan-fried, without fat	ciqual	neutral	28.6	1.25	0.3			f
pepper_sweet_red_sauteed	non_starchy_veg	Pepper, sweet, red, sautéed/pan-fried, without fat	ciqual	neutral	35.7	0.94	0.3			f
pepper_sweet_yellow_sauteed	non_starchy_veg	Pepper, sweet, yellow, sautéed/pan-fried, without fat	ciqual	neutral	35.8	1	0.6			f
pumpkin	non_starchy_veg	Pumpkin, roasted/baked	ciqual	neutral	30.2	0.5	0.3			f
pumpkin_pulp	non_starchy_veg	Pumpkin (cucurbita moschata), pulp, cooked	ciqual	neutral	30.7	1.06	0.5			f
red_kuri_squash_pulp	non_starchy_veg	Red kuri squash, pulp, braised	ciqual	neutral	44.8	1.31	0.5			f
red_onion	non_starchy_veg	Red onion, raw	ciqual	veg_shrinks	36.3	1.31	0.4	110.0		f
salsify_water	non_starchy_veg	Salsify, boiled/cooked in water	ciqual	neutral	57.9	2.63	0.3			f
shallot	non_starchy_veg	Shallot, raw	ciqual	veg_shrinks	63.6	1.81	0.5	25.0		f
shallot_pan_fat	non_starchy_veg	Shallot, grilled/pan-fried, without fat	ciqual	neutral	66.9	2	0.4			f
shiitake_mushroom	non_starchy_veg	Shiitake mushroom, dried	ciqual	veg_shrinks	316	9.58	0.99			t
snow_pea_water	non_starchy_veg	Snow pea, boiled/cooked in water	ciqual	neutral	30.5	2.25	0.3			f
spring_onion	non_starchy_veg	Spring onion	ciqual	neutral	29.7	2.6	0.5	15		f
spring_onion_sauteed_pan	non_starchy_veg	Spring onion, sautéed/pan-fried, without fat	ciqual	neutral	27.6	1.13	0.3			f
sweet_corn	non_starchy_veg	Sweet corn, canned, drained	ciqual	neutral	106	2.82	1.68			f
sweet_pepper_green	non_starchy_veg	Sweet pepper, green, raw	ciqual	veg_shrinks	26	0.81	0.5			f
sweet_pepper_red	non_starchy_veg	Sweet pepper, red, raw	ciqual	veg_shrinks	36.6	1.06	0.5			f
sweet_pepper_yellow	non_starchy_veg	Sweet pepper, yellow, raw	ciqual	veg_shrinks	30.7	0.94	0.3			f
tinned_tomatoes	non_starchy_veg	Tinned tomatoes	ciqual	neutral	18.3	1.1	0.3	400.0		f
tomato	non_starchy_veg	Tomato	ciqual	neutral	19.3	0.9	0.3	100		f
tomato_beef_heart	non_starchy_veg	Tomato, beef heart, raw	ciqual	veg_shrinks	19.8	0.5	0.5			f
tomato_bunch	non_starchy_veg	Tomato, bunch, raw	ciqual	veg_shrinks	20.1	0.5	0.5			f
tomato_cherry	non_starchy_veg	Tomato, cherry, raw	ciqual	veg_shrinks	33.7	1.31	0.5			f
tomato_oil	non_starchy_veg	Tomato, dried, in oil	ciqual	veg_shrinks	187	4.27	11.7			f
tomato_paste_concentrated	non_starchy_veg	Tomato paste, concentrated, canned	ciqual	neutral	99.2	4.4	0.53			f
tomato_paste_double_concentrate	non_starchy_veg	Tomato paste, double concentrate, canned	ciqual	neutral	92.8	3.73	0.29			f
tomato_pulp	non_starchy_veg	Tomato pulp, canned	ciqual	neutral	26.1	1.2	0.5			f
tomato_puree	non_starchy_veg	Tomato purée	ciqual	neutral	99.2	4.4	0.5			f
tomato_round	non_starchy_veg	Tomato, round, raw	ciqual	veg_shrinks	20.3	0.5	0.5			f
vegetable	non_starchy_veg	Vegetable, cooked (average)	ciqual	neutral	43.5	2.11	0.3			f
vegetables_mashed	non_starchy_veg	Vegetables (3-4 types), mashed	ciqual	veg_shrinks	61.8	1.94	3.4			f
yellow_onion	non_starchy_veg	Yellow onion, raw	ciqual	veg_shrinks	37.8	1.19	0.5			f
almonds	nuts_seeds	Almonds	ciqual	neutral	599.9	18.8	51.3			t
cashews	nuts_seeds	Cashews	ciqual	neutral	620.8	15.2	49.5			t
chia_seeds	nuts_seeds	Chia seeds	ciqual	neutral	442.0	16.5	30.7			t
flaxseed	nuts_seeds	Flaxseed	ciqual	neutral	491.2	20.2	36.6			t
hazelnuts	nuts_seeds	Hazelnuts	ciqual	neutral	621.5	14.4	56.9			t
mixed_nuts	nuts_seeds	Mixed nuts	manual	neutral	607.0	18.0	53.0			t
mixed_seeds	nuts_seeds	Mixed seeds	manual	neutral	580	22.0	47.0			t
peanut_butter	nuts_seeds	Peanut butter	ciqual	neutral	635.7	22.2	52.5			t
peanuts	nuts_seeds	Peanuts	ciqual	neutral	609.5	22.8	49.1			t
poppy_seeds	nuts_seeds	Poppy seeds	manual	neutral	525	18.0	42.0			t
pumpkin_seeds	nuts_seeds	Pumpkin seeds	manual	neutral	559.0	30.2	49.0			t
sesame_seeds	nuts_seeds	Sesame seeds	ciqual	neutral	586.9	17.6	49.7			t
sunflower_seed_butter	nuts_seeds	Sunflower seed butter	manual	neutral	617	20.0	55.0			t
sunflower_seeds	nuts_seeds	Sunflower seeds	ciqual	neutral	637.9	21.3	55.5			t
tahini	nuts_seeds	Tahini	ciqual	neutral	620.6	17.7	53.4			t
walnuts	nuts_seeds	Walnuts	ciqual	neutral	377.8	11.0	31.8			t
olive_oil	olive_oil	Olive oil	ciqual	neutral	900.0	0	99.9			t
blended_fat_50_63	other_added_fat	Blended fat (vegetable and animal origins), 50-63% fat	ciqual	neutral	490	0.4	54			t
blended_fat_spreadable_30	other_added_fat	Blended fat (vegetable and animal origins), spreadable, 30-40% fat	ciqual	neutral	397	1.69	40.9			t
butter	other_added_fat	Butter	ciqual	neutral	753.0	0.7	82.9			t
butter_60_62_fat	other_added_fat	Butter, 60-62% fat, light, unsalted	ciqual	neutral	550	0.56	60.6			t
butter_80_fat	other_added_fat	Butter, 80% fat, salted	ciqual	neutral	732	0.5	80.8			t
butter_80_fat_lightly	other_added_fat	Butter, 80% fat, lightly salted	ciqual	neutral	738	0.72	81.4			t
butter_82_fat	other_added_fat	Butter, 82% fat, unsalted	ciqual	neutral	753	0.7	82.9			t
butter_82_fat_easy	other_added_fat	Butter, 82% fat, unsalted, easy-to-spread	ciqual	neutral	755	0.7	83.4			t
butter_light_39_41	other_added_fat	Butter, light, 39-41% fat, unsalted	ciqual	neutral	391	0.5	41.7			t
butter_spread_low_fat	other_added_fat	Butter spread, low-fat (average)	ciqual	neutral	368	0.33	38.9			t
butter_unknown_fat_content	other_added_fat	Butter, unknown fat content , unsalted (average)	ciqual	neutral	741	0.69	81.5			t
chicken_fat	other_added_fat	Chicken fat	ciqual	neutral	898	0	99.8			t
coconut_milk	other_added_fat	Coconut milk	ciqual	neutral	188.0	1.8	18.4			t
coconut_oil	other_added_fat	Coconut oil	manual	neutral	890.0	0.0	99.0			t
cod_liver_oil	other_added_fat	Cod liver oil	ciqual	neutral	900	0	100			t
creme_fraiche	other_added_fat	Crème fraîche	manual	neutral	292.0	2.4	30.0			t
dairy_fat_20_fat	other_added_fat	Dairy fat 20% fat, light, spreadable, unsalted	ciqual	neutral	201	0.5	19.1			f
dairy_fat_25_fat	other_added_fat	Dairy fat 25% fat, light, spreadable, unsalted	ciqual	neutral	247	0.4	25.6			f
duck_fat	other_added_fat	Duck fat	ciqual	neutral	898	0	99.8			t
fat_spreadfat_content_unknown	other_added_fat	Fat spreadfat content unknown, unsalted (average)	ciqual	neutral	532	0.28	58.9			t
ghee	other_added_fat	Ghee	ciqual	neutral	900.2	0.3	99.9			t
goose_fat	other_added_fat	Goose fat	ciqual	neutral	898	0	99.8			t
herring_oil	other_added_fat	Herring oil	ciqual	neutral	900	0	100			t
lard_pork_fat	other_added_fat	Lard or pork fat	ciqual	neutral	896	0	99.5			t
paraffin_oil	other_added_fat	Paraffin oil	ciqual	neutral	0	0	0			f
pork_fat	other_added_fat	Pork fat, raw	ciqual	neutral	810	2.92	88.7			t
rapeseed_oil	other_added_fat	Rapeseed oil	ciqual	neutral	900.0	0.0	100.0			t
salmon_oil	other_added_fat	Salmon oil	ciqual	neutral	900	0	100			t
sardine_oil	other_added_fat	Sardine oil	ciqual	neutral	900	0	100			t
sesame_oil	other_added_fat	Sesame oil	ciqual	neutral	900.0	0.0	100.0			t
single_cream	other_added_fat	Cream	ciqual	neutral	194.0	2.6	18.7			t
sunflower_oil	other_added_fat	Sunflower oil	ciqual	neutral	901.0	0	100.0			t
turkey_fat	other_added_fat	Turkey fat	ciqual	neutral	898	0	99.8			t
vegetable_fat_50_63	other_added_fat	Vegetable fat (margarine type), 50-63% fat, light, lightly salted	ciqual	neutral	523	0.2	58			t
vegetable_fat_60_fat	other_added_fat	Vegetable fat (margarine type), 60% fat, unsalted, sunflowerseed	ciqual	neutral	548	0.5	60.6			t
vegetable_fat_70_fat	other_added_fat	Vegetable fat (margarine type), 70% fat, unsalted	ciqual	neutral	631	0.13	70			t
vegetable_fat_80_fat	other_added_fat	Vegetable fat (like margarine), 80% fat, salted	ciqual	neutral	722	0.5	80			t
vegetable_fat_spreadable_30	other_added_fat	Vegetable fat (margarine type), spreadable, 30-40% fat, light, unsalted	ciqual	neutral	366	1.44	38.6			t
vegetable_fat_spreadable_50	other_added_fat	Vegetable fat (margarine type), spreadable, 50-63% fat, light, unsalted	ciqual	neutral	536	0.5	59.3			t
vegetable_fat_spreadable_fat	other_added_fat	Vegetable fat (margarine type), spreadable, fat content unknown, light, unsalt	ciqual	neutral	608	0.16	67.4			t
apple	other_fruit	Apple	ciqual	neutral	47.6	0.3	0.1	150		f
apple_compote	other_fruit	Apple compote	ciqual	neutral	102	0.23	0.21			f
apple_compote_reduced_sugar	other_fruit	Apple compote, reduced sugar	ciqual	neutral	65.1	0.5	0.08			f
apple_var_chanteclerc_pulp	other_fruit	Apple, var. Chanteclerc, pulp, raw	ciqual	neutral	51.8	0.5	0.5			f
apple_var_gala_pulp	other_fruit	Apple, var. Gala, pulp, raw	ciqual	neutral	54.5	0.5	0.5			f
apple_var_golden_pulp	other_fruit	Apple, var. Golden, pulp, raw	ciqual	neutral	54.9	0.5	0.5			f
apple_var_granny_smith	other_fruit	Apple, var. Granny Smith, pulp, raw	ciqual	neutral	53.9	0.5	0.5			f
apple_var_pink_lady	other_fruit	Apple, var. Pink lady, pulp, raw	ciqual	neutral	60.1	0.5	0.5			f
apricot_pitted	other_fruit	Apricot, pitted, raw	ciqual	neutral	45.9	0.81	0.5	50		f
apricot_pitted_rehydrated_35	other_fruit	Apricot, pitted, dried, rehydrated to 35-45% water	ciqual	neutral	200	2.31	0.4			f
avocado	other_fruit	Avocado	ciqual	neutral	205.0	1.6	20.6	100		t
banana	other_fruit	Banana	ciqual	neutral	90.5	1.1	0.3	120		f
banana_pulp	other_fruit	Banana, pulp, raw	ciqual	neutral	90.5	1.06	0.5			f
cherry_pitted	other_fruit	Cherry, pitted, raw	ciqual	neutral	55.7	0.81	0.3			f
colombo_papaya_mature_seeds	other_fruit	Colombo Papaya (fruit), mature, seeds and peel removed, raw, from the island L	ciqual	neutral	40	0.56	0.3			f
dates	other_fruit	Dates	ciqual	neutral	282.9	1.8	0.2	8		t
dried_apricot	other_fruit	Dried apricots	manual	neutral	241.0	3.4	0.5			t
fig	other_fruit	Fig, raw	ciqual	neutral	69.4	1.19	0.5	50.0		f
fruit	other_fruit	Fruit (average)	ciqual	neutral	59.5	0.7	0.26			f
fruit_compote_reduced_sugar	other_fruit	Fruit compote, reduced sugar or not	ciqual	neutral	80.1	0.25	0.15			f
fruits_compote_miscellaneous	other_fruit	Fruits compote, miscellaneous	ciqual	neutral	102	0.5	0.092			f
fruits_compote_miscellaneous_reduced	other_fruit	Fruits compote, miscellaneous, reduced sugar	ciqual	neutral	66	0.5	0.08			f
fruits_puree_apple_sugar	other_fruit	Fruits puree, apple, without sugar added	ciqual	neutral	56.4	1.13	0.3			f
fruits_puree_sugar_added	other_fruit	Fruits puree, without sugar added	ciqual	neutral	58.9	0.5	0.3			f
grape_chasselas	other_fruit	Grape, Chasselas, raw	ciqual	neutral	79.1	0.75	0.5			f
grape_red_muscat	other_fruit	Grape, red, Muscat, raw	ciqual	neutral	90.1	0.69	0.5			f
grape_white	other_fruit	Grape, white, raw	ciqual	neutral	73.4	0.75	0.5			f
grapes	other_fruit	Grapes	ciqual	neutral	68.9	0.7	0.2			f
greengage_plum	other_fruit	Greengage plum, raw	ciqual	neutral	71.3	0.94	0.5			f
kiwi	other_fruit	Kiwi	ciqual	neutral	60.5	0.9	0.6	80		f
kiwi_fruit_pulp_seeds	other_fruit	Kiwi fruit, pulp and seeds, raw	ciqual	neutral	60.5	0.88	0.6			f
lychee_pulp	other_fruit	Lychee, pulp, raw	ciqual	neutral	81	1.13	0.5			f
mango	other_fruit	Mango	ciqual	neutral	73.9	0.6	0.4			f
mango_jose_flesh_island	other_fruit	Mango José, flesh, raw, from the island La Réunion (Mangifera indica L.)	ciqual	neutral	88.8	0.75	0.5			f
mango_pulp	other_fruit	Mango, pulp, raw	ciqual	neutral	73.9	0.63	0.5			f
melon	other_fruit	Melon	ciqual	neutral	22.6	0.6	0.2			f
melon_cantaloupe_pulp	other_fruit	Melon, cantaloupe (ex Cavaillon or Charentais melon), pulp, raw	ciqual	neutral	62.7	1.13	0.5			f
mirabelle_plum	other_fruit	Mirabelle plum, raw	ciqual	neutral	76.9	0.63	0.5			f
nectarine_white_flesh	other_fruit	Nectarine, white, flesh and skin, raw	ciqual	neutral	51.8	0.81	0.5			f
nectarine_yellow_flesh	other_fruit	Nectarine, yellow, flesh and skin, raw	ciqual	neutral	51.3	0.69	0.5			f
papaya_pulp	other_fruit	Papaya, pulp, raw	ciqual	neutral	42.2	0.75	0.3			f
passion_fruit_pulp_pips	other_fruit	Passion fruit, pulp and pips, raw	ciqual	neutral	101	2.13	3			f
peach	other_fruit	Peach	ciqual	neutral	46.3	0.7	0.1	130		f
peach_white_flesh_variety	other_fruit	Peach, white-flesh variety, pulp, raw	ciqual	neutral	46.1	0.63	0.5			f
peach_yellow_flesh_variety	other_fruit	Peach, yellow-flesh variety, pulp, raw	ciqual	neutral	46.3	0.69	0.5			f
pear	other_fruit	Pear	ciqual	neutral	32.3	1.5	0.2	150		f
pear_light_syrup	other_fruit	Pear, canned in light syrup, drained	ciqual	neutral	64.9	0.5	0.4			f
pear_var_conference_pulp	other_fruit	Pear, var. Conférence, pulp, raw	ciqual	neutral	53.1	0.5	0.5			f
pear_var_williams_pulp	other_fruit	Pear, var. Williams, pulp, raw	ciqual	neutral	54.1	0.5	0.5			f
persimmon_pulp	other_fruit	Persimmon, pulp, raw	ciqual	neutral	68.6	0.88	0.3			f
pineapple	other_fruit	Pineapple	ciqual	neutral	54.4	0.5	0.2			f
pineapple_pulp	other_fruit	Pineapple, pulp, raw	ciqual	neutral	54.4	0.5	0.5			f
plum	other_fruit	Plum, raw	manual	neutral	46	0.6	0.2	60		f
pomegranate_pulp_pips	other_fruit	Pomegranate, pulp and pips, raw	ciqual	neutral	80.6	1.44	1.2			f
prune	other_fruit	Prune	ciqual	neutral	229	1.63	0.4			f
queen_vicoria_ananas_flesh	other_fruit	Queen Vicoria ananas, flesh, raw, from the island La Réunion (Ananas comosus (	ciqual	neutral	71.8	0.94	0.3			f
raisin	other_fruit	Raisin	ciqual	neutral	321	3	0.9			t
raisins	other_fruit	Raisins	ciqual	neutral	321.0	3.0	0.9			t
red_currant	other_fruit	Red currant, raw	ciqual	neutral	68.5	1.56	0.7			f
tropical_fruit_mix_snack	other_fruit	Tropical fruit mix, sweetened, for snack, dried	ciqual	neutral	389	2.19	10.5			t
watermelon_pulp	other_fruit	Watermelon, pulp, raw	ciqual	neutral	38.9	0.69	0.5			f
capon_meat	poultry	Capon, meat and skin, raw	ciqual	meat_shrinks	183	21.8	10.6			f
chicken_breast	poultry	Chicken breast	ciqual	meat_shrinks	110.0	23.4	1.5			f
chicken_breast_label_rouge	poultry	Chicken, breast, without skin, raw, label rouge	ciqual	meat_shrinks	113	25.2	1			f
chicken_breast_meat	poultry	Chicken, breast, meat and skin, raw	ciqual	meat_shrinks	157	21.1	8.08			f
chicken_breast_organic	poultry	Chicken, breast, without skin, raw, organic	ciqual	meat_shrinks	118	24.6	1.8			f
chicken_drumstick	poultry	Chicken, drumstick, raw	ciqual	meat_shrinks	155	18.4	9.05			f
chicken_eviscerated_offal	poultry	Chicken, eviscerated without offal, raw	ciqual	meat_shrinks	210	18.6	15.1			f
chicken_free_range_meat	poultry	Chicken, free-range, meat and skin, raw	ciqual	meat_shrinks	135	21.5	5.4			f
chicken_ham_slices	poultry	Chicken cooked ham, in slices	ciqual	neutral	106	20.7	1.79			f
chicken_high_leg_meat	poultry	Chicken high leg, meat, raw	ciqual	meat_shrinks	116	19.7	4.12			f
chicken_leg_meat	poultry	Chicken, leg, meat, raw	ciqual	meat_shrinks	114	19.3	4.05			f
chicken_leg_meat_label	poultry	Chicken, leg, meat and skin, raw, label rouge	ciqual	meat_shrinks	173	19.1	10.6			f
chicken_leg_meat_organic	poultry	Chicken, leg, meat and skin, raw, organic	ciqual	meat_shrinks	193	18.1	13.3			f
chicken_leg_meat_water	poultry	Chicken leg, meat, boiled/cooked in water	ciqual	neutral	188	24.8	9.52			f
chicken_marinated_wing	poultry	Chicken, marinated wing, roasted/baked	ciqual	neutral	213	22.4	12.6			f
chicken_meat	poultry	Chicken, meat, raw	ciqual	meat_shrinks	113	20	3.73			f
chicken_nugget_breaded_croquette	poultry	Chicken, nugget, breaded croquette	ciqual	meat_shrinks	250	15.6	11.6			t
chicken_stewing_leg	poultry	Chicken, stewing, leg, raw	ciqual	meat_shrinks	131	19.6	5.92			f
chicken_thigh	poultry	Chicken thigh	ciqual	meat_shrinks	114.0	19.3	4.0	90.0		f
chicken_white_race_meat	poultry	Chicken, white race, meat and skin, raw	ciqual	meat_shrinks	123	21.2	4.3			f
chicken_wing_meat	poultry	Chicken, wing, meat and skin, raw	ciqual	meat_shrinks	181	20.4	11			f
duck_breast	poultry	Duck breast	ciqual	meat_shrinks	340.0	17.9	29.4			f
duck_breast_fillet	poultry	Duck, breast fillet	ciqual	meat_shrinks	340	17.9	29.4			t
duck_breast_fillet_smoked	poultry	Duck breast fillet, smoked	ciqual	meat_shrinks	364	21.9	30.5			t
duck_confit_meat	poultry	Duck confit (conserved in rendered fat), meat (leg) without skin, reheated	ciqual	neutral	195	32	7.4			f
duck_leg_meat	poultry	Duck, leg, meat and skin, raw	ciqual	meat_shrinks	103	18.7	3.1			f
duck_magret_pan	poultry	Duck, magret, cooked in pan	ciqual	neutral	222	26.7	12.8			f
duck_meat	poultry	Duck, meat, raw	ciqual	meat_shrinks	126	19.4	5.33			f
duck_mousse	poultry	Duck mousse	ciqual	meat_shrinks	395	10.1	36.1			t
duck_terrine	poultry	Duck terrine	ciqual	meat_shrinks	320	13.2	27.1			t
foie_gras_duck	poultry	Foie gras, duck, raw	ciqual	meat_shrinks	600	5.94	63.4			t
foie_gras_duck_s	poultry	Foie gras, duck's liver, 30% pieces	ciqual	meat_shrinks	489	6.88	50.1			t
gizzard_chicken	poultry	Gizzard, chicken, raw	ciqual	meat_shrinks	105	17.3	3.75			f
goose_liver_pate	poultry	Goose liver pâté	ciqual	meat_shrinks	459	11.4	43.8			t
goose_meat	poultry	Goose, meat, raw	ciqual	meat_shrinks	155	22.6	7.12			f
guinea_fowl	poultry	Guinea fowl, raw	ciqual	meat_shrinks	143	22.8	5.75			f
guinea_fowl_breast	poultry	Guinea fowl, breast, raw	ciqual	meat_shrinks	107	25.1	0.7			f
guinea_fowl_leg	poultry	Guinea fowl, leg, raw	ciqual	meat_shrinks	121	21.3	4			f
heart_chicken	poultry	Heart, chicken, raw	ciqual	meat_shrinks	149	15.6	9.32			f
heart_turkey	poultry	Heart, turkey, raw	ciqual	meat_shrinks	135	16.7	7.44			f
liver_chicken	poultry	Liver, chicken, raw	ciqual	meat_shrinks	121	18.8	4.62			f
liver_duck	poultry	Liver, duck, raw	ciqual	meat_shrinks	131	18.7	4.62			f
liver_goose	poultry	Liver, goose, raw	ciqual	meat_shrinks	129	16.3	4.29			f
liver_poultry	poultry	Liver, poultry, raw	ciqual	meat_shrinks	133	21.3	4.88			f
liver_turkey	poultry	Liver, turkey, raw	ciqual	meat_shrinks	123	18.3	5.5			f
milanese_style_turkey_escalope	poultry	Milanese-style turkey escalope or breaded veal escalope	ciqual	meat_shrinks	211	14.1	10.9			f
poultry	poultry	Poultry, cooked (average)	ciqual	neutral	166	27.6	5.96			f
poultry_ham_cube	poultry	Poultry ham in cube, grated or minced	ciqual	meat_shrinks	132	18	5.88			f
poultry_liver_pate	poultry	Poultry liver pâté	ciqual	meat_shrinks	269	13.8	22.9			t
poultry_meat	poultry	Poultry, minced meat	ciqual	meat_shrinks	137	17.7	5.68			f
poultry_nuggets	poultry	Poultry nuggets	ciqual	meat_shrinks	239	13.1	13.2			f
poultry_on_skewer	poultry	Poultry on skewer	ciqual	meat_shrinks	195	18.6	13			f
poultry_quenelle	poultry	Poultry quenelle, raw	ciqual	meat_shrinks	187	9.3	10.1			f
poultry_quenelle_sauce	poultry	Poultry quenelle, in sauce	ciqual	meat_shrinks	138	3.55	8.92			f
poultry_sausage	poultry	Poultry sausage	ciqual	meat_shrinks	236	14	18.9			f
poultry_sausage_delicatessen_style	poultry	Poultry sausage, delicatessen style	ciqual	meat_shrinks	231	16.8	17.7			f
preserved_duck	poultry	Preserved duck	ciqual	meat_shrinks	273	25.7	18.8			t
preserved_gizzards_duck	poultry	Preserved gizzards, duck, canned	ciqual	neutral	149	32.4	2.1			f
preserved_poultry_liver	poultry	Preserved poultry liver	ciqual	meat_shrinks	356	14	30			t
rillettes_duck	poultry	Rillettes, duck	ciqual	meat_shrinks	377	15.3	34.6			t
rillettes_goose	poultry	Rillettes, goose	ciqual	meat_shrinks	364	14.9	33.4			t
rillettes_poultry	poultry	Rillettes, poultry	ciqual	meat_shrinks	340	16.4	30.3			t
rillettes_pure_goose	poultry	Rillettes, pure goose	ciqual	meat_shrinks	417	14.7	39.8			t
salt_curing_roast_poultry	poultry	Salt curing roast poultry, cooked	ciqual	neutral	110	22	1.73			f
turkey_breaded_escalope	poultry	Turkey, breaded escalope	ciqual	meat_shrinks	339	7.25	24			t
turkey_escalope	poultry	Turkey, escalope, raw	ciqual	meat_shrinks	109	24.1	1.22			f
turkey_escalope_sauteed_pan	poultry	Turkey, escalope, sautéed/pan-fried, with salt	ciqual	neutral	124	28.5	1.09			f
turkey_ham_slices	poultry	Turkey cooked ham, in slices	ciqual	neutral	104	20.9	1.67			f
turkey_leg_meat	poultry	Turkey, leg, meat and skin, raw	ciqual	meat_shrinks	150	19.8	7.85			f
turkey_leg_meat_only	poultry	Turkey, leg, meat only, raw	ciqual	meat_shrinks	109	21.3	2.5			f
turkey_meat	poultry	Turkey, meat, raw	ciqual	meat_shrinks	110	22.4	1.88			f
turkey_mince	poultry	Turkey mince	ciqual	meat_shrinks	110.0	22.4	1.9			f
turkey_wing	poultry	Turkey, wing, raw	ciqual	meat_shrinks	192	20.2	12.3			f
bacon	red_meat	Bacon	ciqual	meat_shrinks	275.0	16.7	22.6			f
bacon_back	red_meat	Bacon, back	ciqual	meat_shrinks	118	23.1	2.6			f
bayonne_cured_ham_smoked	red_meat	Bayonne Cured ham, raw, smoked	ciqual	meat_shrinks	228	28	12.6			f
beef	red_meat	Beef, braised	ciqual	neutral	240	32.1	12.4			f
beef_bolar_blade	red_meat	Beef, bolar-blade, raw	ciqual	meat_shrinks	118	21.8	3.36			f
beef_bolar_blade_pan	red_meat	Beef, bolar-blade, grilled/pan-fried	ciqual	neutral	144	26.7	4.11			f
beef_braising	red_meat	Braising beef	ciqual	meat_shrinks	144.0	21.2	6.5			f
beef_cheek	red_meat	Beef, cheek, raw	ciqual	meat_shrinks	136	22.3	5.02			f
beef_chuck	red_meat	Beef, chuck, raw	ciqual	meat_shrinks	144	21.2	6.54			f
beef_chuck_steak	red_meat	Beef, chuck steak, raw	ciqual	meat_shrinks	201	19	13.2			f
beef_eye_round	red_meat	Beef, eye of round, raw	ciqual	meat_shrinks	111	22.9	2.02			f
beef_flank_steak	red_meat	Beef, flank steak, raw	ciqual	meat_shrinks	133	20.4	5.67			f
beef_flank_steak_pan	red_meat	Beef, flank steak, grilled/pan-fried	ciqual	neutral	162	25	6.94			f
beef_ground	red_meat	Beef, ground, cooked (average)	ciqual	neutral	231	23.8	15.1			f
beef_hanger_steak	red_meat	Beef, hanger steak, raw	ciqual	meat_shrinks	138	19.9	6.18			f
beef_knuckle	red_meat	Beef, knuckle, raw	ciqual	meat_shrinks	122	20.9	4.25			f
beef_knuckle_water	red_meat	Beef, knuckle, boiled/cooked in water	ciqual	neutral	161	31	4.1			f
beef_meat_balls	red_meat	Beef, meat balls, cooked	ciqual	neutral	217	18.5	13.3			f
beef_mince	red_meat	Beef mince (5%)	ciqual	meat_shrinks	130.0	21.9	4.6			f
beef_neck	red_meat	Beef, neck, raw	ciqual	meat_shrinks	198	20.1	12.7			f
beef_on_skewer	red_meat	Beef on skewer	ciqual	meat_shrinks	191	17.1	12.9			f
beef_oxtail	red_meat	Beef, oxtail, raw	ciqual	meat_shrinks	203	21.5	12.9			f
beef_oxtail_water	red_meat	Beef, oxtail, boiled/cooked in water	ciqual	neutral	196	28	9.3			f
beef_rib	red_meat	Beef, rib, raw	ciqual	meat_shrinks	251	18.7	19.6			t
beef_rib_steak	red_meat	Beef, rib steak, raw	ciqual	meat_shrinks	231	19.4	17.1			f
beef_rib_steak_lean	red_meat	Beef, rib steak, lean, grilled/pan-fried	ciqual	neutral	198	25.5	10.7			f
beef_roast_beef	red_meat	Beef, roast beef, roasted/baked	ciqual	neutral	117	21.9	3.16			f
beef_round	red_meat	Beef, round, raw	ciqual	meat_shrinks	148	21.3	7.05			f
beef_rump_steak	red_meat	Beef, rump steak, raw	ciqual	meat_shrinks	114	22.5	2.5			f
beef_short_ribs	red_meat	Beef, short ribs, raw	ciqual	meat_shrinks	287	18.4	23.7			t
beef_shoulder	red_meat	Beef, shoulder, raw	ciqual	meat_shrinks	168	20.4	9.64			f
beef_sirloin_steak	red_meat	Beef, sirloin steak, raw	ciqual	meat_shrinks	152	22.3	6.74			f
beef_sirloin_steak_pan	red_meat	Beef, sirloin steak, grilled/pan-fried	ciqual	neutral	182	27.1	8.17			f
beef_steak	red_meat	Beef steak	ciqual	meat_shrinks	223.0	19.2	16.2	150.0		f
beef_steak_10_fat	red_meat	Beef, minced steak, 10% fat, raw	ciqual	meat_shrinks	171	20	10.1			f
beef_steak_15_fat	red_meat	Beef, minced steak, 15% fat, raw	ciqual	meat_shrinks	209	20.2	14.1			f
beef_steak_20_fat	red_meat	Beef, minced steak, 20% fat, raw	ciqual	meat_shrinks	249	17.3	20			f
beef_steak_5_fat	red_meat	Beef, minced steak, 5% fat, raw	ciqual	meat_shrinks	130	21.9	4.59			f
beef_steak_beef_steak	red_meat	Beef, steak or beef steak, raw	ciqual	meat_shrinks	223	19.2	16.2			f
beef_stewing_meat	red_meat	Beef, stewing meat, raw	ciqual	meat_shrinks	164	24	7.5			f
beef_tenderloin	red_meat	Beef, tenderloin, raw	ciqual	meat_shrinks	132	21.6	4.95			f
beef_thin_flank	red_meat	Beef, thin flank, raw	ciqual	meat_shrinks	154	19	8.63			f
beef_thin_flank_pan	red_meat	Beef, thin flank, grilled/pan-fried	ciqual	neutral	174	21.6	9.76			f
beef_topside	red_meat	Beef, topside, raw	ciqual	meat_shrinks	116	23.1	2.34			f
beef_topside_pan	red_meat	Beef, topside, grilled/pan-fried	ciqual	neutral	141	28.7	2.92			f
black_pudding_refrigerated	red_meat	Black pudding (blood sausage), refrigerated	ciqual	meat_shrinks	313	12.2	27.1			t
black_pudding_sauteed_pan	red_meat	Black pudding (blood sausage), sautéed/pan-fried	ciqual	neutral	246	11.9	20.3			f
black_white_pudding_sauteed	red_meat	Black or white pudding (blood sausage), sautéed (average)	ciqual	meat_shrinks	246	11.3	19.4			f
blood_beef	red_meat	Blood, beef, raw	ciqual	meat_shrinks	82.1	19.5	0.12			f
brain_calf	red_meat	Brain, calf, raw	ciqual	meat_shrinks	117	10.3	8.21			f
brain_lamb	red_meat	Brain, lamb, raw	ciqual	meat_shrinks	122	10.4	8.58			f
brain_pork	red_meat	Brain, pork, raw	ciqual	meat_shrinks	124	10.3	9.21			f
bresaola	red_meat	Bresaola	ciqual	meat_shrinks	165	31.6	4.3			f
breton_pate	red_meat	Breton pâté	ciqual	meat_shrinks	363	11	34			t
calf_foot	red_meat	Calf, foot, raw	ciqual	meat_shrinks	184	19.1	12			f
calf_head_water	red_meat	Calf, head, boiled/cooked in water	ciqual	neutral	187	21	11.4			f
chipolata_sausage	red_meat	Chipolata sausage, cooked	ciqual	neutral	282	18.8	22.4			t
chipolata_slim_sausage	red_meat	Chipolata slim sausage, raw	ciqual	meat_shrinks	253	15.8	20.6			t
chitterling_sausage	red_meat	Chitterling sausage	ciqual	meat_shrinks	211	18.4	15.1			f
chitterling_sausage_guemene	red_meat	Chitterling sausage from Guéméné	ciqual	meat_shrinks	234	18	18			f
chitterling_sausage_pan	red_meat	Chitterling sausage, pan-reheated	ciqual	neutral	271	22.5	20			t
chitterling_sausage_sauteed_pan	red_meat	Chitterling sausage, sautéed/pan-fried	ciqual	neutral	303	24.5	22.3			t
chitterling_sausage_troyes	red_meat	Chitterling sausage from Troyes, raw	ciqual	meat_shrinks	254	19.7	19			t
chitterling_sausage_vire	red_meat	Chitterling sausage from Vire	ciqual	meat_shrinks	238	19	18			f
chorizo	red_meat	Chorizo	ciqual	neutral	433.0	23.5	36.1			f
cocktail_sausage	red_meat	Cocktail sausage	ciqual	meat_shrinks	290	12.7	25.9			t
coppa	red_meat	Coppa	ciqual	meat_shrinks	284	25	20			t
corned_beef	red_meat	Corned-beef, canned	ciqual	neutral	188	23.1	10.5			f
country_style_pate_mushrooms	red_meat	Country-style pâté with mushrooms	ciqual	meat_shrinks	329	12.6	28.1			t
country_style_pate_terrine	red_meat	Country-style pâté or terrine	ciqual	meat_shrinks	323	15.5	28.2			t
cured_ham	red_meat	Cured ham, raw	ciqual	meat_shrinks	225	25.9	13.2			f
cured_ham_smoked	red_meat	Cured ham, raw, smoked	ciqual	meat_shrinks	246	24.2	16.1			f
cured_ham_smoked_reduced	red_meat	Cured ham, raw, smoked, reduced fat	ciqual	meat_shrinks	142	27.7	3.4			f
cured_meat_sausages	red_meat	Cured meat and sausages (average)	ciqual	meat_shrinks	238	19.7	17.1			f
dry_cured_ham	red_meat	Dry-cured ham	ciqual	meat_shrinks	230	28.7	12.6			f
dry_cured_ham_fat	red_meat	Dry-cured ham, fat and rind removed	ciqual	meat_shrinks	192	26.3	9.5			f
dry_sausage	red_meat	Dry sausage	ciqual	meat_shrinks	418	24.2	34.5			t
dry_sausage_pure_pork	red_meat	Dry sausage, pure pork	ciqual	meat_shrinks	417	28.7	32.3			t
dry_sausage_w_walnuts	red_meat	Dry sausage w walnuts and/or hazelnuts	ciqual	meat_shrinks	477	27.7	39.7			t
dry_spicy_pork_sausage	red_meat	Dry spicy pork sausage with red pepper	ciqual	meat_shrinks	476	20.9	41.9			t
feathered_game_meat	red_meat	Feathered game, meat, cooked (average)	ciqual	neutral	217	25.1	13			f
fish_quenelle	red_meat	Fish quenelle, raw	ciqual	meat_shrinks	245	8.1	12.7			f
fish_quenelle_sauce	red_meat	Fish quenelle, in sauce	ciqual	meat_shrinks	135	3.79	8.51			f
foie_gras_block	red_meat	Foie gras, block (average)	ciqual	meat_shrinks	489	6.88	50.1			t
frankfurter_sausage	red_meat	Frankfurter sausage	ciqual	meat_shrinks	271	13.7	23.4			t
galantine	red_meat	Galantine (average)	ciqual	meat_shrinks	279	15.2	23.4			t
game	red_meat	Game, cooked (average)	ciqual	neutral	152	29.6	3.74			f
game_pate	red_meat	Game pâté	ciqual	meat_shrinks	284	15	23			t
garlic_sausage	red_meat	Garlic sausage	ciqual	meat_shrinks	280	15	23.6			t
ham_choice	red_meat	Cooked ham, choice	ciqual	neutral	125	19.5	4.5			f
ham_choice_rind_less	red_meat	Cooked ham, choice, rind less and fatless	ciqual	neutral	114	19.6	3.24			f
ham_choice_w_rind	red_meat	Cooked ham, choice, w rind	ciqual	neutral	137	19.4	6.3			f
ham_cube	red_meat	Ham in cube, grated or minced	ciqual	meat_shrinks	121	17.9	4.46			f
ham_on_bone	red_meat	Braised ham on the bone	ciqual	neutral	238	21.6	16.8			f
ham_parisian_style_rind	red_meat	Cooked ham, Parisian-style, rind less and fatless	ciqual	neutral	115	20	3.42			f
ham_pastry_crusty	red_meat	Ham, in a pastry crusty	ciqual	meat_shrinks	193	14.1	7			f
ham_sausage	red_meat	Ham sausage	ciqual	meat_shrinks	224	15.7	17.5			f
ham_smoked	red_meat	Cooked ham, smoked	ciqual	neutral	135	20	5.8			f
ham_superior_quality	red_meat	Cooked ham, superior quality	ciqual	neutral	125	20.8	4.28			f
ham_superior_quality_reduced	red_meat	Cooked ham, superior quality, reduced salt	ciqual	neutral	121	20.8	3.83			f
ham_superior_quality_rind	red_meat	Cooked ham, superior quality, with rind	ciqual	neutral	137	20.2	5.82			f
hare_meat	red_meat	Hare, meat, raw	ciqual	meat_shrinks	111	21.6	2.67			f
head_cheese_pate_brawn	red_meat	Head-cheese pâté or brawn	ciqual	meat_shrinks	173	14.1	12.9			f
heart_beef	red_meat	Heart, beef, raw	ciqual	meat_shrinks	103	18.5	2.95			f
heart_lamb	red_meat	Heart, lamb, raw	ciqual	meat_shrinks	119	16.5	5.68			f
heart_pork	red_meat	Heart, pork, raw	ciqual	meat_shrinks	109	17.1	4.33			f
heart_veal	red_meat	Heart, veal, raw	ciqual	meat_shrinks	106	16.1	3.84			f
hen_meat	red_meat	Hen, meat and skin, raw	ciqual	meat_shrinks	215	17.8	15.8			f
hen_meat_only	red_meat	Hen, meat only, raw	ciqual	meat_shrinks	124	20.9	4.51			f
horse_meat	red_meat	Horse, meat, raw	ciqual	meat_shrinks	167	18.8	10			f
horse_rib_steak	red_meat	Horse, rib steak, raw	ciqual	meat_shrinks	118	22.1	3.34			f
horse_rib_steak_pan	red_meat	Horse, rib steak, grilled/pan-fried	ciqual	neutral	169	28.2	6.24			f
horse_sirloin_steak	red_meat	Horse, sirloin steak, raw	ciqual	meat_shrinks	121	22.2	3.58			f
horse_sirloin_steak_pan	red_meat	Horse, sirloin steak, grilled/pan-fried	ciqual	neutral	163	26.6	6.27			f
horse_steak	red_meat	Horse, steak, raw	ciqual	meat_shrinks	129	21.4	4.6			f
horse_topside	red_meat	Horse, topside, raw	ciqual	meat_shrinks	106	22.7	1.68			f
horse_topside_pan	red_meat	Horse, topside, grilled/pan-fried	ciqual	neutral	135	27.9	2.58			f
kidney_all_types	red_meat	Kidney, all types, cooked	ciqual	neutral	161	26.1	6.31			f
kidney_beef	red_meat	Kidney, beef, raw	ciqual	meat_shrinks	95.9	17.1	2.65			f
kidney_calf	red_meat	Kidney, calf, raw	ciqual	meat_shrinks	86.1	16	2.36			f
kidney_lamb	red_meat	Kidney, lamb, raw	ciqual	meat_shrinks	94.1	14.7	3.43			f
kidney_pork	red_meat	Kidney, pork, raw	ciqual	meat_shrinks	97.9	16.4	3.13			f
kidney_veal_sauteed_pan	red_meat	Kidney, veal, sautéed/pan-fried	ciqual	neutral	167	26	7			f
knuckle_ham	red_meat	Knuckle of ham, cooked	ciqual	neutral	162	23.2	7.52			f
lamb	red_meat	Lamb	ciqual	meat_shrinks	128.0	20.0	5.1			f
lamb_chop	red_meat	Lamb, chop, raw (average)	ciqual	meat_shrinks	273	16.3	22.6			t
lamb_chop_decouverte	red_meat	Lamb, chop "découverte", raw	ciqual	meat_shrinks	205	16.3	15			f
lamb_chop_fillet	red_meat	Lamb, chop fillet, raw	ciqual	meat_shrinks	242	17.6	18			f
lamb_chop_fillet_pan	red_meat	Lamb, chop fillet, grilled/pan-fried	ciqual	neutral	157	26.3	5.78			f
lamb_cutlet	red_meat	Lamb, cutlet, raw	ciqual	meat_shrinks	368	14.4	34.5			t
lamb_leg	red_meat	Lamb, leg, raw	ciqual	meat_shrinks	128	20	5.13			f
lamb_leg_pan	red_meat	Lamb, leg, grilled/pan-fried	ciqual	neutral	174	27.6	7.08			f
lamb_meat	red_meat	Lamb, meat, cooked (average)	ciqual	neutral	208	28.1	10.6			f
lamb_neck	red_meat	Lamb, neck, raw	ciqual	meat_shrinks	195	18	13.7			f
lamb_on_skewer	red_meat	Lamb on skewer	ciqual	meat_shrinks	112	12.6	5.1			f
lamb_rib_chop	red_meat	Lamb, rib chop, raw	ciqual	meat_shrinks	276	16.9	23.1			t
lamb_rib_chop_pan	red_meat	Lamb, rib chop, grilled/pan-fried	ciqual	neutral	185	26.1	9.01			f
lamb_saddle	red_meat	Lamb, saddle, raw	ciqual	meat_shrinks	236	17.5	18.4			f
lamb_saddle_lean	red_meat	Lamb, saddle, lean, roasted/baked	ciqual	neutral	153	26.1	5.45			f
lamb_saddle_pan	red_meat	Lamb, saddle, grilled/pan-fried	ciqual	neutral	153	26.1	5.45			f
lamb_shoulder	red_meat	Lamb, shoulder, raw	ciqual	meat_shrinks	170	18.3	10.6			f
lamb_shoulder_lean	red_meat	Lamb, shoulder, lean, raw	ciqual	meat_shrinks	139	19.6	6.76			f
lardoons	red_meat	Lardoons, raw	ciqual	meat_shrinks	270	16.6	22.1			t
liver_calf	red_meat	Liver, calf, raw	ciqual	meat_shrinks	120	15.5	3.4			f
liver_lamb	red_meat	Liver, lamb, raw	ciqual	meat_shrinks	148	21.8	5.45			f
liver_pork	red_meat	Liver, pork, raw	ciqual	meat_shrinks	127	20.6	4.2			f
liver_rabbit	red_meat	Liver, rabbit, raw	ciqual	meat_shrinks	132	19	4			f
liver_sausage	red_meat	Liver sausage	ciqual	meat_shrinks	374	11.7	35.9			t
liver_young_cow	red_meat	Liver, young cow, raw	ciqual	meat_shrinks	138	21	4.3			f
meat	red_meat	Meat, cooked (average)	ciqual	neutral	182	27.2	8.04			f
meat_balls_beef_lamb	red_meat	Meat balls, beef and lamb (kefta type), prepacked, raw	ciqual	meat_shrinks	247	15.7	15.7			f
meat_balls_pork_beef	red_meat	Meat balls, pork and beef, (Swedish-style), prepacked	ciqual	meat_shrinks	260	14.4	18.6			t
merguez_sausage	red_meat	Merguez sausage, raw	ciqual	meat_shrinks	316	13.5	28			t
merguez_sausage_beef_mutton	red_meat	Merguez sausage, beef and mutton, raw	ciqual	meat_shrinks	315	14	27.6			t
mixed_meat_on_skewer	red_meat	Mixed meat on skewer	ciqual	meat_shrinks	208	19.7	13.8			f
montbeliard_sausage	red_meat	Montbeliard sausage	ciqual	meat_shrinks	319	17.3	27.3			t
mortadella	red_meat	Mortadella	ciqual	meat_shrinks	305	15	26.7			t
mortadella_pistachios_pure_pork	red_meat	Mortadella with pistachios, pure pork	ciqual	meat_shrinks	320	14.4	28.2			t
mortadella_pure_pork	red_meat	Mortadella, pure pork	ciqual	meat_shrinks	298	14.8	25.8			t
morteaux_sausage	red_meat	Morteaux sausage	ciqual	meat_shrinks	397	16	36.6			t
morteaux_sausage_water	red_meat	Morteaux sausage, boiled/cooked in water	ciqual	neutral	323	15.2	29.1			t
mutton_leg	red_meat	Mutton, leg, raw	ciqual	meat_shrinks	225	18	17			f
mutton_meat	red_meat	Mutton, meat, raw	ciqual	meat_shrinks	137	20.6	6.11			f
mutton_shoulder	red_meat	Mutton, shoulder, raw	ciqual	meat_shrinks	204	18.3	14.5			f
offal	red_meat	Offal, cooked (average)	ciqual	neutral	162	25.1	6.24			f
ostrich_meat	red_meat	Ostrich, meat, raw	ciqual	meat_shrinks	159	20.2	8.7			f
ox_muzzle	red_meat	Ox muzzle	ciqual	meat_shrinks	151	26.2	5.17			f
ox_muzzle_salad_dressing	red_meat	Ox muzzle in salad dressing sauce	ciqual	meat_shrinks	167	11.3	13.1			f
pancetta	red_meat	Pancetta, dried	ciqual	meat_shrinks	342	20.2	28.8			t
parma_dry_cured_ham	red_meat	Parma dry-cured ham	ciqual	meat_shrinks	248	27.2	15.4			f
pate	red_meat	Paté (average)	ciqual	meat_shrinks	325	13.6	27.9			t
pate_crust	red_meat	Pâté in crust	ciqual	meat_shrinks	292	11	17.1			t
pate_w_green_pepper	red_meat	Pâté w green pepper	ciqual	meat_shrinks	358	10.1	34.6			t
pheasant_meat	red_meat	Pheasant, meat, raw	ciqual	meat_shrinks	127	23.3	3.78			f
pigeon	red_meat	Pigeon, raw	ciqual	meat_shrinks	222	18.9	16			f
pigeon_meat	red_meat	Pigeon, meat, roasted/baked	ciqual	neutral	213	23.9	13			f
plant_based_ham	red_meat	Plant-based ham, prepacked	ciqual	meat_shrinks	242	29.7	11.1			f
plant_based_pate	red_meat	Plant-based pâté, prepacked	ciqual	meat_shrinks	197	3.56	15.4			f
plant_based_sausage_tofu	red_meat	Plant-based sausage with tofu (vegan)	ciqual	meat_shrinks	231	13.4	16.3			f
plant_based_sausage_wheat	red_meat	Plant-based sausage with wheat or seitan	ciqual	meat_shrinks	250	27.1	10.5			t
pork_80_20_trimming	red_meat	Pork, 80/20 trimming, raw	ciqual	meat_shrinks	293	17.3	24.7			t
pork_90_10_trimming	red_meat	Pork, 90/10 trimming, raw	ciqual	meat_shrinks	212	18.8	15.1			f
pork_back_fat_rindless	red_meat	Pork, back fat, rindless, raw	ciqual	meat_shrinks	744	4.51	80.6			t
pork_beef_mortadella	red_meat	Pork and beef mortadella	ciqual	meat_shrinks	297	16.4	25.4			t
pork_belly	red_meat	Pork, belly, raw	ciqual	meat_shrinks	253	17	20.5			t
pork_belly_flank_removed	red_meat	Pork, belly, flank removed, raw	ciqual	meat_shrinks	323	15.9	28.7			t
pork_belly_salt_cured	red_meat	Pork belly salt-cured	ciqual	meat_shrinks	268	16.8	22			t
pork_belly_smoked	red_meat	Pork belly, smoked, raw	ciqual	meat_shrinks	303	15.6	26.1			t
pork_chop	red_meat	Pork chop	ciqual	meat_shrinks	164.0	19.8	9.3			f
pork_ear_sat_cured	red_meat	Pork ear sat-cured	ciqual	meat_shrinks	228	22.5	15.1			f
pork_filet_mignon	red_meat	Pork filet mignon, raw	ciqual	meat_shrinks	123	21.2	4.09			f
pork_ham_escalope	red_meat	Pork, ham escalope, raw	ciqual	meat_shrinks	129	21.5	4.76			f
pork_ham_intended_be	red_meat	Pork ham, intended to be cooked or pork ham, intended to be roast/bake	ciqual	neutral	161	19.9	9.08			f
pork_ham_w_parsley	red_meat	Pork ham w parsley and jelly	ciqual	meat_shrinks	152	19	7.9			f
pork_jowl_rindless	red_meat	Pork, jowl, rindless, raw	ciqual	meat_shrinks	475	11.6	47.5			t
pork_knuckle_oh_ham	red_meat	Pork, knuckle oh ham, without rind, fat and bone, raw	ciqual	meat_shrinks	148	20.2	7.31			f
pork_knuckle_shank	red_meat	Pork, knuckle or shank, raw	ciqual	meat_shrinks	187	19.9	12			f
pork_liver_mousse	red_meat	Pork liver mousse	ciqual	meat_shrinks	287	12	24.9			t
pork_liver_mousse_superior	red_meat	Pork liver mousse, superior quality	ciqual	meat_shrinks	322	11.1	26.1			t
pork_liver_pate	red_meat	Pork liver pâté	ciqual	meat_shrinks	355	10.8	33.3			t
pork_liver_pate_superior	red_meat	Pork liver pâté, superior quality	ciqual	meat_shrinks	341	13	31			t
pork_meat	red_meat	Pork, meat, cooked (average)	ciqual	neutral	205	29.1	9.78			f
pork_on_skewer	red_meat	Pork on skewer, raw	ciqual	meat_shrinks	131	15.6	6.5			f
pork_rack	red_meat	Pork, rack, raw	ciqual	meat_shrinks	146	22.7	5.94			f
pork_roast	red_meat	Pork, roast, raw	ciqual	meat_shrinks	153	22.3	6.86			f
pork_round_steak	red_meat	Pork, round steak, raw	ciqual	meat_shrinks	149	20.2	7.56			f
pork_shoulder	red_meat	Pork shoulder, raw	ciqual	meat_shrinks	208	24.8	12.1			f
pork_shoulder_choice	red_meat	Cooked pork shoulder, choice	ciqual	neutral	121	18	4.5			f
pork_shoulder_lower_rind	red_meat	Pork, shoulder lower half, without rind, fat and bone, raw	ciqual	meat_shrinks	187	18.9	12.3			f
pork_shoulder_standard_rind	red_meat	Cooked pork shoulder, standard, rind less and fatless	ciqual	neutral	123	13.7	5.98			f
pork_shoulder_upper_rind	red_meat	Pork, shoulder upper half, without rind, fat and bone, raw	ciqual	meat_shrinks	174	19.9	10.4			f
pork_snout_salad_dressing	red_meat	Pork snout in salad dressing sauce	ciqual	meat_shrinks	185	8.22	16.3			f
pork_spare_ribs	red_meat	Pork, spare-ribs, raw	ciqual	meat_shrinks	237	18	18			f
pork_tenderloin_lean	red_meat	Pork tenderloin, lean, raw	ciqual	meat_shrinks	117	21.2	3.6			f
pork_tenderloin_roast	red_meat	Pork tenderloin roast, cooked	ciqual	neutral	198	28.3	9.39			f
pork_trotters_salt_cured	red_meat	Pork trotters salt-cured	ciqual	meat_shrinks	137	11.6	10			f
pork_way_leg_rind	red_meat	Pork, way leg, without rind, fat and bone, raw	ciqual	meat_shrinks	141	20.9	6.3			f
preserved_pork_liver	red_meat	Preserved pork liver	ciqual	meat_shrinks	346	16	25			t
prok_eye_shortloin	red_meat	Prok, eye of shortloin, raw	ciqual	meat_shrinks	146	22.3	6.2			f
quail_meat	red_meat	Quail, meat, raw	ciqual	meat_shrinks	126	22.5	3.81			f
quenelle	red_meat	Quenelle, plain, raw	ciqual	meat_shrinks	217	7.68	13.7			f
rabbit_meat	red_meat	Rabbit, meat, raw	ciqual	meat_shrinks	189	20.4	11.6			f
rabbit_pate	red_meat	Rabbit pâté	ciqual	meat_shrinks	247	16.3	20.2			f
rabbit_terrine	red_meat	Rabbit terrine	ciqual	meat_shrinks	281	16.5	21.2			t
rabbit_wild_meat	red_meat	Rabbit, wild, meat, raw	ciqual	meat_shrinks	108	21.8	2.32			f
red_meat	red_meat	Red meat, cooked (average)	ciqual	neutral	195	26	10.1			f
rillettes_mans	red_meat	Rillettes from Mans	ciqual	meat_shrinks	420	15.6	37.6			t
rillettes_pork	red_meat	Rillettes, pork	ciqual	meat_shrinks	390	14.3	36.9			t
rillettes_pure_pork	red_meat	Rillettes, pure pork	ciqual	meat_shrinks	414	16.7	38.3			t
rillettes_tours	red_meat	Rillettes from Tours	ciqual	meat_shrinks	522	18	50			t
rolled_escalope_pork_pistachios	red_meat	Rolled escalope of pork with pistachios	ciqual	meat_shrinks	258	17.7	20.2			t
rosette_dry_sausage	red_meat	Rosette dry sausage	ciqual	meat_shrinks	380	24.2	30.7			t
round_ham	red_meat	Round of ham, cooked	ciqual	neutral	182	20.3	10.6			f
salami	red_meat	Salami	ciqual	meat_shrinks	451	17.7	41.8			t
salami_danish_style	red_meat	Salami, Danish-style	ciqual	meat_shrinks	459	17	42.9			t
salami_pork_beef	red_meat	Salami, pork and beef	ciqual	meat_shrinks	351	21.5	28.8			t
salami_pure_pork	red_meat	Salami, pure pork	ciqual	meat_shrinks	400	22.6	33.7			t
sausage	red_meat	Sausage	ciqual	meat_shrinks	327.0	13.2	30.0	60		f
sausage_brioche_crust	red_meat	Sausage in a brioche crust, cooked	ciqual	neutral	309	14.7	17.4			t
sausage_meat	red_meat	Sausage meat, raw	ciqual	meat_shrinks	323	14.7	29.1			t
sausage_meat_pork_beef	red_meat	Sausage meat, pork and beef, raw	ciqual	meat_shrinks	309	11.8	26.5			t
sausage_meat_pure_pork	red_meat	Sausage meat, pure pork, raw	ciqual	meat_shrinks	273	15.4	21.2			t
sausage_paris	red_meat	Sausage from Paris	ciqual	meat_shrinks	346	12.5	32.7			t
sausage_paris_smoked	red_meat	Sausage from Paris, smoked	ciqual	meat_shrinks	288	13.7	25.6			t
sausage_pure_pork	red_meat	Cooked sausage, pure pork	ciqual	neutral	322	13.8	29			t
saveloy_cervelat	red_meat	Saveloy or cervelat	ciqual	meat_shrinks	278	11.9	24.8			t
saveloy_cervelat_pure_pork	red_meat	Saveloy or cervelat, pure pork with garlic	ciqual	meat_shrinks	297	12.5	27.4			t
serrano_dry_cured_ham	red_meat	Serrano dry-cured ham	ciqual	meat_shrinks	235	30.4	12.3			f
sheep_foot	red_meat	Sheep, foot, raw	ciqual	meat_shrinks	204	18.1	14.6			f
sheep_head	red_meat	Sheep, head, raw	ciqual	meat_shrinks	204	18.1	14.6			f
smoked_lardoons	red_meat	Smoked lardoons, raw	ciqual	meat_shrinks	275	16.7	22.6			t
spicy_pork_sausage_red	red_meat	Spicy pork sausage with red pepper, no precision	ciqual	meat_shrinks	433	23.5	36.1			t
strasbourg_sausage	red_meat	Strasbourg sausage	ciqual	meat_shrinks	291	12.4	25.9			t
sweetbread_calf	red_meat	Sweetbread, calf, raw	ciqual	meat_shrinks	96.6	17.4	3.02			f
sweetbread_calf_sauteed_pan	red_meat	Sweetbread, calf, sautéed/pan-fried	ciqual	neutral	136	21	5.8			f
sweetbread_lamb	red_meat	Sweetbread, lamb, raw	ciqual	meat_shrinks	122	14.6	7.04			f
tongue_beef	red_meat	Tongue, beef, raw	ciqual	meat_shrinks	193	16.8	13.8			f
tongue_calf	red_meat	Tongue, calf, raw	ciqual	meat_shrinks	151	17	8.84			f
tongue_lamb	red_meat	Tongue, lamb, raw	ciqual	meat_shrinks	167	15.4	10.9			f
tongue_pork	red_meat	Tongue, pork, raw	ciqual	meat_shrinks	191	16.6	13.6			f
toulouse_sausage	red_meat	Toulouse sausage, raw	ciqual	meat_shrinks	327	13.2	30			t
tripe_beef	red_meat	Tripe, beef, raw	ciqual	meat_shrinks	81.5	12.1	3.69			f
veal_bread_escalope	red_meat	Veal, bread escalope, cooked	ciqual	neutral	271	22.9	14.1			t
veal_breast	red_meat	Veal, breast, raw	ciqual	meat_shrinks	176	18.7	11.2			f
veal_chop	red_meat	Veal, chop, raw	ciqual	meat_shrinks	189	18.3	12.9			f
veal_chop_pan	red_meat	Veal, chop, grilled/pan-fried	ciqual	neutral	156	25.1	6.24			f
veal_escalope	red_meat	Veal, escalope, raw	ciqual	meat_shrinks	108	20.7	2.6			f
veal_escalope_cordon_bleu	red_meat	Veal escalope cordon bleu (topped with a ham slice and Gruyere sauce), prepack	ciqual	meat_shrinks	226	14	12.2			f
veal_fillet	red_meat	Veal fillet, raw	ciqual	meat_shrinks	95	20.6	1.4			f
veal_knuckle_shank	red_meat	Veal, knuckle or shank, raw	ciqual	meat_shrinks	118	21.3	3.66			f
veal_loin	red_meat	Veal, loin, raw	ciqual	meat_shrinks	145	19.5	7.25			f
veal_loin_sauteed_pan	red_meat	Veal, loin, sautéed/pan-fried	ciqual	neutral	171	28	6.6			f
veal_meat	red_meat	Veal, meat, cooked (average)	ciqual	neutral	169	29	5.55			f
veal_neck	red_meat	Veal, neck, raw	ciqual	meat_shrinks	133	19.8	5.92			f
veal_quenelle_sauce	red_meat	Veal quenelle, in sauce	ciqual	meat_shrinks	165	3.52	9.5			f
veal_roast	red_meat	Veal, roast, raw	ciqual	meat_shrinks	145	27.3	3.96			f
veal_shoulder	red_meat	Veal, shoulder, raw	ciqual	meat_shrinks	124	20.7	4.63			f
veal_shoulder_pan	red_meat	Veal, shoulder, grilled/pan-fried	ciqual	neutral	166	27.6	6.17			f
veal_steak_15_fat	red_meat	Veal, minced steak, 15% fat, raw	ciqual	meat_shrinks	208	18.2	15			f
veal_steak_20_fat	red_meat	Veal, minced steak, 20% fat, raw	ciqual	meat_shrinks	243	16.7	19.5			f
veal_tenderloin	red_meat	Veal, tenderloin, raw	ciqual	meat_shrinks	111	21.8	2.58			f
veal_tenderloin_pan	red_meat	Veal, tenderloin, grilled/pan-fried	ciqual	neutral	147	29.1	3.44			f
venison	red_meat	Venison (hart), raw	ciqual	meat_shrinks	113	23.7	2.04			f
viande_des_grisons_bundnerfleisch	red_meat	Viande des Grisons or Bündnerfleisch or dried beef meat	ciqual	meat_shrinks	209	38.9	5.47			f
white_meat	red_meat	white meat, cooked (average)	ciqual	neutral	173	28.1	6.55			f
white_pudding_truffled	red_meat	White pudding, truffled, raw	ciqual	meat_shrinks	227	11.3	17.8			f
wild_boar	red_meat	Wild boar, raw	ciqual	meat_shrinks	147	20.7	7.13			f
young_goat	red_meat	Young goat, raw	ciqual	meat_shrinks	103	20.6	2.31			f
bagel	refined_grain	Bagel	manual	neutral	275	10.5	1.5	85		f
bread	refined_grain	Bread (average)	ciqual	grain_absorbs	276	8.21	1.61	35.0		t
bread_flour_bread_preparation	refined_grain	Bread, home-made, with flour for home-made bread preparation	ciqual	grain_absorbs	256	7.81	0.9			t
bread_french_bread_baguette	refined_grain	Bread, French bread, baguette	ciqual	grain_absorbs	287	8.27	1.4			t
bread_french_bread_ball	refined_grain	Bread, French bread, ball, 400g	ciqual	grain_absorbs	266	7.9	2			t
bread_french_bread_multigrain	refined_grain	Bread, French bread, (baguette or ball), multigrain, from bakery	ciqual	grain_absorbs	269	9.58	3.2			t
bread_french_bread_salt	refined_grain	Bread, French bread, without salt	ciqual	grain_absorbs	279	8.3	1.3			t
bread_french_bread_yeast	refined_grain	Bread, French bread (baguette or ball), with yeast	ciqual	grain_absorbs	261	7.41	1.3			t
bread_gluten_free	refined_grain	Bread, gluten free	ciqual	grain_absorbs	261	2.62	3.3			t
breadcrumbs	refined_grain	Breadcrumbs	ciqual	grain_absorbs	374	11.6	3.77			t
breakfast_cereal	refined_grain	Breakfast cereal	ciqual	neutral	398.0	7.8	6.1			f
brear_t55_t110_flour	refined_grain	Brear (baguette or ball), made with type T55-T110 flour	ciqual	grain_absorbs	257	8.68	1.19			t
bretzel	refined_grain	Bretzel	ciqual	grain_absorbs	330	9.18	7.1			t
brioche_sandwich_bread	refined_grain	Brioche sandwich bread, prepacked	ciqual	grain_absorbs	309	7.87	6.5			t
brown_bread_french_bread	refined_grain	Brown bread, French bread (baguette or ball), with flour type 80 or 110	ciqual	grain_absorbs	265	8.6	0.33			t
cooked_rice	refined_grain	Cooked rice	ciqual	neutral	145.0	2.9	0.4			f
corn_cake	refined_grain	Corn cake (puffed)	manual	neutral	385	7.0	3.0	10		f
corn_tortilla_wrap_be	refined_grain	Corn tortilla wrap, to be filled	ciqual	grain_absorbs	313	9.06	5.8	30		t
country_style_bread	refined_grain	Country-style bread, home-made (with flour for bread making machine)	ciqual	grain_absorbs	240	7.98	0.9			f
country_style_bread_french	refined_grain	Country-style bread, French bread (baguette or ball)	ciqual	grain_absorbs	253	7.52	1.3			t
couscous	refined_grain	Couscous	ciqual	grain_absorbs	352.0	10.9	1.2			f
crispbread_extruded	refined_grain	Crispbread, extruded and grilled	ciqual	neutral	379	9.97	3.57			t
crouton_garlic_herbs_onions	refined_grain	Crouton with garlic, herbs or onions, prepacked	ciqual	grain_absorbs	492	8.81	24.1			t
croutons	refined_grain	Croutons, plain, prepacked	ciqual	grain_absorbs	495	8.38	24.1			t
croutons_spreads	refined_grain	Croutons, for spreads	ciqual	grain_absorbs	374	12.3	2.85			t
english_muffin	refined_grain	English muffin, prepacked	ciqual	grain_absorbs	228	10.6	1.88			f
granola	refined_grain	Granola	ciqual	neutral	418.0	7.5	12.2			t
grissini_bread_stick	refined_grain	Grissini or bread stick	ciqual	grain_absorbs	433	12.7	11.8			t
naan_bread	refined_grain	Naan bread	manual	neutral	320	8.5	9.0	90		f
noodles	refined_grain	Noodles	ciqual	grain_absorbs	104.0	4.9	3.4			f
panini_bread	refined_grain	Panini bread	ciqual	grain_absorbs	272	7.66	1.1			t
pita_bread	refined_grain	Pita bread	manual	neutral	275	9.0	1.2	60		f
polenta	refined_grain	Polenta	ciqual	grain_absorbs	350.0	7.9	1.8			f
puffed_cereals_textured_bread	refined_grain	Puffed cereals textured bread	ciqual	grain_absorbs	394	8.43	2.5			t
rolls_hamburger_hotdog	refined_grain	Rolls for hamburger/hotdog (buns), prepacked	ciqual	grain_absorbs	293	9.07	5.35			t
rusk	refined_grain	Rusk	ciqual	grain_absorbs	409	9.8	5.9			t
rusk_eggs	refined_grain	Rusk with eggs, sliced, prepacked	ciqual	grain_absorbs	419	10.6	9.19			t
rusk_multigrain	refined_grain	Rusk, multigrain	ciqual	grain_absorbs	398	11.8	7.22			t
rusk_slice_multigrain	refined_grain	Rusk , slice, multigrain	ciqual	grain_absorbs	419	11.1	9.3			t
rusk_slice_wheat	refined_grain	Rusk, slice, wheat	ciqual	grain_absorbs	404	9.76	6.16			t
rusk_w_eggs	refined_grain	Rusk, w eggs	ciqual	grain_absorbs	417	10.9	9.28			t
sandwich_loaf	refined_grain	Sandwich loaf	ciqual	grain_absorbs	278	7.13	3.6			t
sandwich_loaf_crust_less	refined_grain	Sandwich loaf, crust less, prepacked	ciqual	grain_absorbs	271	7.52	3.8			t
sandwich_loaf_multigrain	refined_grain	Sandwich loaf, multigrain	ciqual	grain_absorbs	274	8.81	5.41			t
swedish_toast_fruits	refined_grain	Swedish toast, with fruits	ciqual	grain_absorbs	401	7.98	8			t
swedish_toast_linseeds	refined_grain	Swedish toast, with linseeds	ciqual	grain_absorbs	396	10.3	9			t
toasted_bread	refined_grain	Toasted bread, home-made	ciqual	grain_absorbs	317	9.46	1.3			t
tortilla_wrap	refined_grain	Tortilla wrap (wheat)	manual	neutral	305	8.5	6.5	60		f
wheat_crackers	refined_grain	Wheat crackers	ciqual	grain_absorbs	450	7.75	12			t
wheat_swedish_toast	refined_grain	Wheat swedish toast	ciqual	grain_absorbs	402	8.89	8.25			t
wheat_tortilla_wrap_be	refined_grain	Wheat tortilla wrap, to be filled	ciqual	grain_absorbs	327	8.34	8.2			t
white_bread	refined_grain	White bread	ciqual	neutral	278.0	6.8	5.5	35		f
white_pasta	refined_grain	Pasta	ciqual	grain_absorbs	336.0	11.5	1.8			f
white_rice	refined_grain	White rice	ciqual	grain_absorbs	352.0	7.0	0.9			f
black_pepper	sauce_dressing	Black pepper	ciqual	neutral	330.0	13.3	7.5		0.5	f
chilli_powder	sauce_dressing	Chilli powder	manual	neutral	282.0	12.0	14.0		0.5	f
cinnamon	sauce_dressing	Cinnamon	ciqual	neutral	243.0	3.9	1.2		0.5	f
cumin	sauce_dressing	Cumin	ciqual	neutral	427.0	17.8	22.3		0.5	f
curry_paste	sauce_dressing	Curry paste	ciqual	neutral	301.0	14.5	14.0			f
dried_herbs	sauce_dressing	Dried mixed herbs	manual	neutral	265	9.0	7.0		0.5	f
hot_sauce	sauce_dressing	Hot sauce (chilli)	manual	neutral	45	1.0	0.5			f
ketchup	sauce_dressing	Ketchup	ciqual	neutral	99.0	1.3	0.2			f
mayonnaise	sauce_dressing	Mayonnaise	ciqual	neutral	693.4	1.4	75.2			t
mustard	sauce_dressing	Mustard	ciqual	neutral	152.0	6.9	11.2			f
paprika	sauce_dressing	Paprika	ciqual	neutral	319.0	14.1	12.9		0.5	f
pesto	sauce_dressing	Pesto	ciqual	neutral	370.0	3.9	35.4			t
salsa	sauce_dressing	Salsa	manual	neutral	36.0	1.3	0.2			f
salt	sauce_dressing	Salt	ciqual	neutral	0.0	0.0	0.0		0.5	f
soy_sauce	sauce_dressing	Soy sauce	ciqual	neutral	45.5	7.1	0.1			f
stock_cube	sauce_dressing	Stock	ciqual	neutral	240.0	10.2	13.3			f
turmeric	sauce_dressing	Turmeric, ground	manual	neutral	312	9.7	3.3		0.5	f
vegetable_stock	sauce_dressing	Vegetable stock (low salt)	manual	neutral	4	0.2	0.1			f
vinaigrette	sauce_dressing	Vinaigrette	ciqual	neutral	492.7	0.5	52.4			t
vinegar	sauce_dressing	Vinegar	ciqual	neutral	22.6	0.0	0.1			f
crab	shellfish	Crab	ciqual	neutral	124.0	19.5	4.3			f
mussels	shellfish	Mussels	ciqual	neutral	108.0	17.2	2.1			f
prawns	shellfish	Prawns	ciqual	neutral	93.8	19.0	1.2			f
scallops	shellfish	Scallops	ciqual	fish_shrinks	83.6	17.9	0.8	20		f
squid	shellfish	Squid	ciqual	fish_shrinks	77.0	14.4	1.2			f
beetroot	starchy_veg	Beetroot	ciqual	neutral	42.8	1.4	0.4			f
breadfruit	starchy_veg	Breadfruit, raw	ciqual	veg_shrinks	105	1.07	0.23			f
butternut_squash	starchy_veg	Butternut squash	ciqual	veg_shrinks	19.9	1.0	0.1			f
cassava_manioc_roots	starchy_veg	Cassava or manioc, roots, raw	ciqual	veg_shrinks	157	1.31	0.29			f
dauphine_potato	starchy_veg	Dauphine potato, frozen, raw	ciqual	veg_shrinks	285	4.62	17.7			t
duchesse_potato	starchy_veg	Duchesse potato, frozen, raw	ciqual	veg_shrinks	178	2.8	7.72			f
early_potato_water	starchy_veg	Early potato, boiled/cooked in water, peeled	ciqual	neutral	71.6	1.84	0.1			f
french_fries_chips	starchy_veg	French fries or chips, frozen, roasted/baked	ciqual	neutral	213	3.75	6.6			f
french_fries_chips_aw	starchy_veg	French fries or chips, frozen, pre-fried, aw, intended to be microwaved	ciqual	neutral	254	3.5	10.8			t
french_fries_chips_deep	starchy_veg	French fries or chips, frozen, deep-fried	ciqual	neutral	285	3.28	11.9			t
french_fries_chips_intended	starchy_veg	French fries or chips, frozen, pre-fried, raw, intended to be deep-fried	ciqual	neutral	244	3.12	12.1			f
jerusalem_artichoke	starchy_veg	Jerusalem artichoke, raw	ciqual	veg_shrinks	60.7	1.94	0.31			f
mashed_potato_balls	starchy_veg	Mashed potato balls pre-fried, frozen, raw	ciqual	neutral	181	2.76	7.22			f
mashed_potatoes	starchy_veg	Mashed potatoes (average)	ciqual	veg_shrinks	91.8	2.11	3.25			f
new_potato	starchy_veg	New potato, raw	ciqual	veg_shrinks	76.4	1.88	0.3			f
parsnip	starchy_veg	Parsnip	ciqual	veg_shrinks	58.3	1.5	0.4			f
plantain_banana	starchy_veg	Plantain banana, cooked	ciqual	neutral	125	0.79	0.18			f
potato	starchy_veg	Potato	ciqual	veg_shrinks	76.4	1.9	0.3	150		f
potato_chip_quarter_spiced	starchy_veg	Potato chip, quarter, spiced, frozen, cooked	ciqual	neutral	174	3.25	5.8			f
potato_crisps_flavoured	starchy_veg	Potato, crisps, plain or flavoured	ciqual	veg_shrinks	545	5.67	34.3			t
potato_crisps_l_ancienne	starchy_veg	Potato crisps, "à l'ancienne" (old-fashioned style)	ciqual	veg_shrinks	570	5.62	37.6			t
potato_crisps_related_reduced	starchy_veg	Potato crisps and related, reduced fat	ciqual	veg_shrinks	463	6.58	19.8			t
potato_flakes	starchy_veg	Potato flakes, dehydrated, plain	ciqual	veg_shrinks	361	8.04	0.46			t
potato_flakes_milk_cream	starchy_veg	Potato flakes, dehydrated, with milk or cream	ciqual	veg_shrinks	371	10.6	3.97			t
potato_into_cubes	starchy_veg	Potato, pre-fried into cubes, frozen, raw	ciqual	neutral	135	2.32	4.2			f
potato_puree_flakes_reconstituted	starchy_veg	Potato puree, made from flakes, reconstituted with whole milk, with added fat	ciqual	veg_shrinks	97.9	1.92	5.18			f
potato_puree_milk_butter	starchy_veg	Potato puree, with milk and butter, unsalted	ciqual	veg_shrinks	88.8	1.89	2.4			f
potato_sauteed_pan	starchy_veg	Potato, sautéed/pan-fried	ciqual	neutral	137	2.5	5.7			f
potato_sauteed_pan_goose	starchy_veg	Potato, sautéed/pan-fried, with goose fat	ciqual	neutral	213	2.54	12.1			f
potato_vacuum	starchy_veg	Potato, steamed, vacuum-packed	ciqual	neutral	73.6	1.7	0.2			f
potato_water	starchy_veg	Potato, boiled/cooked in water	ciqual	neutral	80.5	1.8	0.34			f
rostis_potatoes_cake	starchy_veg	Rostis or Potatoes cake	ciqual	veg_shrinks	182	2.38	8.3			f
sweet_potato	starchy_veg	Sweet potato	ciqual	veg_shrinks	86.3	1.5	0.1	200		f
sweet_potato_puree_cream	starchy_veg	Sweet potato, puree, cooked with cream	ciqual	neutral	79.8	1.1	2			f
sweetcorn	starchy_veg	Sweetcorn	ciqual	neutral	106.0	2.8	1.7			f
tapioca	starchy_veg	Tapioca, raw	ciqual	veg_shrinks	354	0.19	0.02			t
taro_tuber	starchy_veg	Taro, tuber, raw	ciqual	veg_shrinks	107	1.5	0.2			f
ware_potato_water	starchy_veg	Ware potato, boiled/cooked in water, peeled	ciqual	neutral	76.1	1.81	0.5			f
yam_indian_potato	starchy_veg	Yam or Indian potato, peeled, raw	ciqual	veg_shrinks	111	1.53	0.17			f
yam_indian_potato_water	starchy_veg	Yam or Indian potato, peeled, boiled/cooked in water	ciqual	neutral	109	1.49	0.14			f
biscuits	sugar_sweets	Biscuits	ciqual	neutral	448.6	6.8	15.1			t
dark_chocolate	sugar_sweets	Dark chocolate	ciqual	neutral	558.5	6.4	34.8			t
honey	sugar_sweets	Honey	ciqual	neutral	329.0	0.6	0.0			t
ice_cream	sugar_sweets	Ice cream	ciqual	neutral	85.7	0.1	0.2			t
jam	sugar_sweets	Jam	ciqual	neutral	308.0	6.5	5.5			t
maple_syrup	sugar_sweets	Maple syrup	ciqual	neutral	269.1	0.0	0.1			t
sugar	sugar_sweets	Sugar	ciqual	neutral	399.2	0.0	0.0			t
cola	sweetened_beverage	Cola	ciqual	neutral	41.8	0.1	0.1			f
orange_juice	sweetened_beverage	Orange juice	ciqual	neutral	42.6	0.7	0.2			f
soy_milk	tofu_tempeh	Soy drink	ciqual	neutral	37.1	3.3	2.1			f
tempeh	tofu_tempeh	Tempeh	ciqual	neutral	157.0	16.1	4.7			f
tofu	tofu_tempeh	Tofu	ciqual	neutral	164.0	14.9	9.5			f
water	water	Water	ciqual	neutral	0.0	0.0	0.0		1	f
cod	white_fish	Cod	ciqual	fish_shrinks	77.6	18.1	0.6	130.0		f
haddock	white_fish	Haddock	ciqual	fish_shrinks	72.3	17.3	0.3			f
hake	white_fish	Hake	ciqual	fish_shrinks	82.6	17.6	1.4			f
plaice	white_fish	Plaice	ciqual	fish_shrinks	88.6	20.0	0.9			f
pollock	white_fish	Pollock	ciqual	fish_shrinks	82.5	18.8	0.8			f
sea_bass	white_fish	Sea bass	ciqual	fish_shrinks	113.0	20.3	3.6			f
tuna_fresh	white_fish	Tuna steak	ciqual	fish_shrinks	144.0	24.0	5.4			f
tuna_tinned	white_fish	Tinned tuna	ciqual	neutral	111.0	26.8	0.4	120.0		f
barley	whole_grain	Barley	ciqual	grain_absorbs	346.0	9.9	1.2			f
bran_grain_bread	whole_grain	Bran grain bread	ciqual	grain_absorbs	249	8.03	2.6			f
bread_wholemeal_integral_bread	whole_grain	Bread, wholemeal or integral bread (made with flour type 150)	ciqual	grain_absorbs	244	8.38	1.8			f
brown_rice	whole_grain	Brown rice	ciqual	grain_absorbs	350.0	7.0	2.8			f
buckwheat	whole_grain	Buckwheat	ciqual	grain_absorbs	356.0	12.9	3.5			f
bulgur	whole_grain	Bulgur	ciqual	grain_absorbs	351.0	11.5	1.7			f
bulgur_wheat	whole_grain	Bulgur wheat	manual	grain_absorbs	347	12.3	1.3			f
couscous_wholemeal	whole_grain	Wholemeal couscous	manual	grain_absorbs	345	12.0	1.8			f
crispbread_rye	whole_grain	Rye crispbread	manual	neutral	340	9.5	1.5	10		f
english_muffin_wholewheat_flour	whole_grain	English muffin, wholewheat flour, prepacked	ciqual	grain_absorbs	217	12.5	1.87			f
noodles_wholewheat	whole_grain	Wholewheat noodles	manual	grain_absorbs	350	13.4	2.0			f
oats	whole_grain	Oats	ciqual	neutral	367.0	13.3	6.5			f
pita_wholemeal	whole_grain	Wholemeal pita bread	manual	neutral	265	10.0	1.6	60		f
puffed_rice_textured_bread	whole_grain	Puffed rice textured bread, wholemeal	ciqual	grain_absorbs	385	7.32	3			t
quinoa	whole_grain	Quinoa	ciqual	grain_absorbs	358.0	13.2	6.1			f
rolls_hamburger_hotdog_wholemeal	whole_grain	Rolls for hamburger/hotdog (buns), wholemeal, prepacked	ciqual	grain_absorbs	285	8.89	5.75			t
rusk_wholemeal_rich_fibre	whole_grain	Rusk, wholemeal or rich in fibre	ciqual	grain_absorbs	393	11.7	6.17			t
rye_bread	whole_grain	Rye bread	ciqual	neutral	260.0	8.3	1.0	40		f
rye_bread_wheat	whole_grain	Rye bread, and wheat	ciqual	grain_absorbs	260	8.27	1			t
sandwich_loaf_bran_grain	whole_grain	Sandwich loaf, bran grain	ciqual	grain_absorbs	278	6.84	5.5			t
sandwich_loaf_wholemeal	whole_grain	Sandwich loaf, wholemeal	ciqual	grain_absorbs	262	8.51	4.06			t
tortilla_wholemeal	whole_grain	Wholemeal tortilla wrap	manual	neutral	290	9.5	6.5	60		f
wheat_swedish_toast_wholemeal	whole_grain	Wheat swedish toast, wholemeal	ciqual	grain_absorbs	398	10.5	8			t
wholemeal_bread	whole_grain	Wholemeal bread	ciqual	neutral	262.0	8.5	4.1	40		f
wholewheat_pasta	whole_grain	Wholewheat pasta	ciqual	grain_absorbs	353.0	11.8	2.2			f
