# alias	slug	raison
# ── P1 · LES 15 LIGNES SANS AUCUN ALIAS — le trou est FRANÇAIS, pas anglais ──
pain naan	naan_bread	Le nom français du pain naan. « naan bread » atteint la ligne par son slug ; aucune forme française ne l'atteint.
naan	naan_bread	Forme nue, écrite dans les deux langues. Rate aujourd'hui : le slug est `naan_bread`, la réduction ne coupe pas « bread ».
sauce piquante	hot_sauce	Nom français usuel de la sauce piquante au piment. Le libellé « Hot sauce (chilli) » nomme exactement cet objet.
sauce pimentee	hot_sauce	Seconde formulation française courante, même objet.
chilli sauce	hot_sauce	Forme anglaise courante absente : seul « hot sauce » atteint la ligne.
graines melangees	mixed_seeds	Traduction directe de « Mixed seeds ». Aucune forme française n'atteint la ligne.
melange de graines	mixed_seeds	Seconde formulation française du même produit de rayon.
seed mix	mixed_seeds	Forme anglaise courante absente.
graines de pavot	poppy_seeds	Traduction directe de « Poppy seeds ». Aucune forme française.
curcuma	turmeric	Nom français du curcuma. « Turmeric, ground » est la même épice ; le corpus l'écrit 6 fois en anglais.
curcuma moulu	turmeric	Le libellé dit « ground » : la forme française qualifiée doit atteindre la même ligne.
puree de graines de tournesol	sunflower_seed_butter	Nom français du produit ; « Sunflower seed butter » n'a aucune forme française.
beurre de graines de tournesol	sunflower_seed_butter	Calque français courant sur les étiquettes, même produit.
pate de campagne	pate	Le libellé est « Paté (average) » : la moyenne des pâtés couvre le pâté de campagne.
pate de foie	pate	Même ligne de moyenne, autre formulation française courante.
liver pate	pate	Forme anglaise courante absente : seul « pate » nu atteint la ligne.
loaf of bread	bread	« Bread (average) » est la ligne générique ; « loaf » n'y mène pas.
bread loaf	bread	Forme écrite telle quelle dans les listes de courses du corpus (« white bread loaf », « bread loaf »).
# ── P2 · CE QUI RATE DANS LES PLANS RÉELS (occurrences mesurées) ──
braised beef	beef_braising	11 occurrences. La ligne « Braising beef » est exactement ce morceau ; « braised » n'est pas un modificateur, la forme complète rate.
chicken thigh meat	chicken_thigh	10 occurrences via « cooked chicken thigh meat ». « meat » n'est pas un modificateur ; la tête reste hors index.
chicken thigh fillets	chicken_thigh	Même coupe, formulation de rayon britannique ; rate aujourd'hui.
lamb mince	lamb	4 occurrences. Aucune ligne d'agneau haché n'existe ; « Lamb » (128 kcal, cru) est la ligne honnête pour de l'agneau haché cru.
tuna tins	tuna_tinned	5 occurrences. Désigne le thon en conserve ; le conditionnement ne change pas l'aliment.
tuna cans	tuna_tinned	1 occurrence, même objet, orthographe américaine.
italian herbs	dried_herbs	2 occurrences. « Dried mixed herbs » est la ligne de mélange d'herbes sèches.
crackers	wheat_crackers	1 occurrence nue. « Wheat crackers » est la seule ligne de cracker du référentiel.
mixed greens	lettuce	2 occurrences. « mixed salad leaves » atteint déjà `lettuce` 68 fois : même objet, autre formulation.
mixed salad greens	lettuce	2 occurrences, formulation américaine de la même chose.
lettuce leaves	lettuce	2 occurrences. Les feuilles de laitue sont de la laitue.
salad greens	lettuce	Formulation courante du même produit de rayon.
pommes de terre nouvelles	potato	1 occurrence, dans le seul plan français du corpus. « new potatoes » atteint déjà `potato` 60 fois.
# ── P3 · LE NOM FRANÇAIS DES ALIMENTS QUE LE PRODUIT CUISINE VRAIMENT ──
melange de legumes	mixed_vegetables	Nom français de « Mixed vegetables, frozen, raw ». Aucune forme française n'atteint la ligne.
pain blanc	white_bread	Traduction directe de « White bread ».
herbes sechees	dried_herbs	Traduction directe de « Dried mixed herbs ».
herbes seches	dried_herbs	Variante d'accord, très fréquemment écrite.
cube de bouillon	stock_cube	Nom français du cube de bouillon ; le libellé « Stock » (240 kcal) est bien le cube déshydraté.
tortilla de mais	corn_tortilla_wrap_be	Traduction directe de « Corn tortilla wrap, to be filled ».
tortillas de mais	corn_tortilla_wrap_be	Le pluriel français ne se dérive pas ici (le -s tombe mais « tortilla de mais » n'existe pas encore).
aneth	herbs_dill	Nom français de l'aneth. « dill » atteint la ligne, « aneth » n'atteint rien.
quartier de citron	lemon_wedge	Traduction directe de « Lemon wedge » ; la ligne porte un `unit_grams`, donc elle pèse.
quartiers de citron	lemon_wedge	Pluriel français, écrit tel quel dans une recette.
feuille de laurier	herbs_bay_leaf	Traduction directe de « Bay leaf, dried ».
feuilles de laurier	herbs_bay_leaf	Pluriel français.
laurier	herbs_bay_leaf	Forme nue, la plus fréquente dans une recette française.
paleron de boeuf	beef_chuck	« Beef, chuck, raw » est le paleron. Aujourd'hui la forme nue « paleron » tombe sur `beef_braising` (même énergie, autre ligne).
ciboulette	herbs_chives	Nom français de la ciboulette.
galette de mais	corn_cake	Traduction de « Corn cake (puffed) ».
galettes de mais	corn_cake	Pluriel français.
melange de fruits secs	mixed_nuts	Nom français de « Mixed nuts ».
fruits secs melanges	mixed_nuts	Seconde formulation, même produit.
yaourt de coco	coconut_yogurt	Nom français de « Coconut yogurt, plain ».
yaourt au lait de coco	coconut_yogurt	Formulation d'étiquette, même produit.
tomates en conserve	tinned_tomatoes	Sans cet alias, « en conserve » est coupé comme un CONDITIONNEMENT et la tête « tomates » tombe sur la tomate FRAÎCHE.
tomates pelees	tinned_tomatoes	Les tomates pelées sont vendues en conserve ; même ligne que « tinned tomatoes ».
pain pita complet	pita_wholemeal	Sans cet alias, `complet` est retiré comme modificateur et la forme tombe sur `pita_bread` (raffiné). Le GROUPE change.
pita complet	pita_wholemeal	Même raison, forme courte.
tortilla complete	tortilla_wholemeal	Sans cet alias, `complet` est retiré et la forme tombe sur `white_bread`. Le GROUPE change.
tortillas completes	tortilla_wholemeal	Même raison, au pluriel.
couscous complet	couscous_wholemeal	Sans cet alias, `complet` est retiré et la forme tombe sur `couscous` (raffiné). Le GROUPE change.
oignon rouge	red_onion	Le pluriel « oignons rouges » atteint la ligne, le singulier non : il perd `rouge` et tombe sur l'oignon jaune.
piment moulu	chilli_powder	Sans cet alias, la forme tombe sur `chilli` (piment FRAIS, 44,5 kcal) au lieu de la poudre (282 kcal) : ×6,3 d'énergie.
ground chilli	chilli_powder	Même erreur côté anglais, mesurée : « ground chilli » tombe sur le piment frais.
sel fin	salt	Formulation française courante ; « sel » nu atteint la ligne, « sel fin » non.
pain de ble complet	wholemeal_bread	Formulation française complète de « Wholemeal bread ».
paprika doux	paprika	« paprika fume » atteint la ligne, « paprika doux » non : même épice.
persil plat	herbs_parsley	Le persil plat est du persil ; la forme qualifiée rate.
melange de fruits rouges	mixed_berries	Nom français de « Mixed berries ».
viande hachee de dinde	turkey_mince	Formulation française complète de « Turkey mince » (« dinde hachee » atteint déjà la ligne).
viande hachee de boeuf	beef_mince	Formulation française complète de « Beef mince (5%) » (« boeuf hache » atteint déjà la ligne).
sauce de soja	soy_sauce	Variante française de « sauce soja », qui atteint déjà la ligne.
puree de cacahuete	peanut_butter	Nom français du beurre de cacahuète sans sucre ajouté ; même produit.
cerneaux de noix	walnuts	Les cerneaux sont la partie comestible de la noix ; « Walnuts » est la ligne.
coulis de tomates	passata	Le singulier « coulis de tomate » atteint la ligne, le pluriel non.
galette de ble	tortilla_wrap	Nom français de la tortilla de blé (« Tortilla wrap (wheat) »).
galettes de ble	tortilla_wrap	Pluriel français.
filet de cabillaud	cod	Formulation française usuelle ; « cabillaud » nu atteint la ligne, la forme qualifiée non.
filets de cabillaud	cod	Pluriel français de la même forme.
pates au ble complet	wholewheat_pasta	Formulation française complète ; « pates completes » atteint déjà la ligne.
confiture de cassis	jam	Le corpus écrit « blackcurrant jam » 13 fois et atteint `jam` (moyenne des confitures) ; la forme française doit y arriver aussi.
bifteck	beef_steak	Synonyme français de « steak de boeuf », qui atteint déjà la ligne.
cafe noir	coffee	« black coffee » atteint la ligne 6 fois ; sa traduction non.
# ── P3bis · FORMES ANGLAISES COURANTES QUI RATENT OU SE TROMPENT ──
garbanzo beans	chickpeas_tinned	Nom américain du pois chiche ; « chickpeas » atteint déjà la ligne.
scallions	spring_onion	Nom américain de l'oignon nouveau ; « spring onions » atteint déjà la ligne.
oatmeal	oats	Nom américain des flocons d'avoine ; « rolled oats » atteint déjà la ligne.
capsicum	bell_pepper	Nom australien du poivron ; « bell pepper » atteint déjà la ligne.
pepitas	pumpkin_seeds	Nom courant des graines de courge décortiquées.
sieved tomatoes	passata	Définition même de la passata, écrite en anglais de cuisine.
canned plum tomatoes	tinned_tomatoes	Sans cet alias la forme tombe sur la tomate FRAÎCHE : « plum tomatoes » réduit à « tomatoes ».
panko breadcrumbs	breadcrumbs	Le panko est de la chapelure ; la ligne « Breadcrumbs » est la seule du référentiel.
