 845	olive_oil	olive oil	Olive oil [olive_oil, 900 kcal]
 489	lemon	lemon	Lemon [citrus, 27.6 kcal]
 439	salt	salt	Salt [sauce_dressing, 0 kcal]
 354	tomato	tomatoes	Tomato [non_starchy_veg, 19.3 kcal]
 255	greek_yogurt	greek yogurt	Greek yogurt [dairy_yogurt, 113.1 kcal]
 253	garlic	garlic	Garlic [non_starchy_veg, 111 kcal]
 229	cucumber	cucumber	Cucumber [non_starchy_veg, 14.7 kcal]
 225	black_pepper	black pepper	Black pepper [sauce_dressing, 330 kcal]
 197	wholemeal_bread	wholemeal bread	Wholemeal bread [whole_grain, 262 kcal]
 195	chicken_thigh	chicken thighs	Chicken thigh [poultry, 114 kcal]
 192	whole_eggs	eggs	Eggs [eggs, 140 kcal]
 188	courgette	courgettes	Courgette [non_starchy_veg, 16.5 kcal]
 187	lettuce	lettuce	Lettuce [leafy_greens, 14.7 kcal]
 185	bell_pepper	red peppers	Bell pepper [non_starchy_veg, 26 kcal]
 185	onion	onion	Onion [non_starchy_veg, 38.4 kcal]
 163	oats	rolled oats	Oats [whole_grain, 367 kcal]
 154	white_rice	rice	White rice [refined_grain, 352 kcal]
 148	red_onion	red onion	Red onion, raw [non_starchy_veg, 36.3 kcal]
 126	potato	new potatoes	Potato [starchy_veg, 76.4 kcal]
 124	spinach	spinach	Spinach [leafy_greens, 28.7 kcal]
 122	water	water	Water [water, 0 kcal]
 121	paprika	smoked paprika	Paprika [sauce_dressing, 319 kcal]
 118	carrot	carrots	Carrot [non_starchy_veg, 40.2 kcal]
 108	herbs_parsley	parsley	Parsley [leafy_greens, 43 kcal]
 108	plain_yogurt	plain yogurt	Plain yogurt [dairy_yogurt, 59 kcal]
  99	honey	honey	Honey [sugar_sweets, 329 kcal]
  99	couscous	couscous	Couscous [refined_grain, 352 kcal]
  89	tuna_tinned	tuna	Tinned tuna [white_fish, 111 kcal]
  83	green_beans	green beans	Green beans [non_starchy_veg, 31.6 kcal]
  78	mixed_berries	berries	Mixed berries [berries, 49.4 kcal]
  76	butter	butter	Butter [other_added_fat, 753 kcal]
  72	peach	peaches	Peach [other_fruit, 46.3 kcal]
  71	cumin	ground cumin	Cumin [sauce_dressing, 427 kcal]
  62	tinned_tomatoes	chopped tomatoes	Tinned tomatoes [non_starchy_veg, 18.3 kcal]
  61	salmon	salmon fillets	Salmon [fatty_fish, 194 kcal]
  60	turkey_mince	turkey mince	Turkey mince [poultry, 110 kcal]
  58	bread	bread	Bread (average) [refined_grain, 276 kcal]
  55	chickpeas_tinned	chickpeas	Chickpeas (tinned) [legumes, 122 kcal]
  55	cooked_rice	cooked rice	Cooked rice [refined_grain, 145 kcal]
  55	white_pasta	pasta	Pasta [refined_grain, 336 kcal]
  54	apple	apple	Apple [other_fruit, 47.6 kcal]
  53	soy_sauce	soy sauce	Soy sauce [sauce_dressing, 45.5 kcal]
  53	banana	banana	Banana [other_fruit, 90.5 kcal]
  52	milk_semi	milk	Semi-skimmed milk [dairy_yogurt, 46 kcal]
  51	broccoli	broccoli	Broccoli [cruciferous_veg, 32.7 kcal]
  51	feta	feta	Feta [dairy_cheese, 285 kcal]
  50	white_beans	cannellini beans	White beans [legumes, 87.5 kcal]
  50	peanut_butter	peanut butter	Peanut butter [nuts_seeds, 635.7 kcal]
  49	herbs_thyme	thyme	Thyme [leafy_greens, 285 kcal]
  48	chicken_breast	chicken breast	Chicken breast [poultry, 110 kcal]
  47	lentils_dry	red lentils	Lentils (dry) [legumes, 331.3 kcal]
  46	lime	lime	Lime [citrus, 40.2 kcal]
  46	almonds	almonds	Almonds [nuts_seeds, 599.9 kcal]
  46	mixed_vegetables	mixed vegetables	Mixed vegetables, frozen, raw [non_starchy_veg, 65.1 kcal]
  45	kidney_beans	kidney beans	Kidney beans [legumes, 108 kcal]
  45	spring_onion	spring onions	Spring onion [non_starchy_veg, 29.7 kcal]
  44	avocado	avocado	Avocado [other_fruit, 205 kcal]
  44	hummus	hummus	Hummus [legumes, 288.3 kcal]
  42	cottage_cheese	cottage cheese	Cottage cheese [dairy_yogurt, 98 kcal]
  41	white_bread	wraps	White bread [refined_grain, 278 kcal]
  40	dried_herbs	dried oregano	Dried mixed herbs [sauce_dressing, 265 kcal]
  40	walnuts	walnuts	Walnuts [nuts_seeds, 377.8 kcal]
  38	passata	passata	Passata [non_starchy_veg, 47.1 kcal]
  36	aubergine	aubergine	Aubergine [non_starchy_veg, 20.7 kcal]
  36	granola	granola	Granola [refined_grain, 418 kcal]
  35	chilli_powder	chilli powder	Chilli powder [sauce_dressing, 282 kcal]
  35	pumpkin_seeds	pumpkin seeds	Pumpkin seeds [nuts_seeds, 559 kcal]
  34	mayonnaise	mayonnaise	Mayonnaise [sauce_dressing, 693.4 kcal]
  34	mustard	mustard	Mustard [sauce_dressing, 152 kcal]
  33	sweetcorn	sweetcorn	Sweetcorn [starchy_veg, 106 kcal]
  33	skyr	skyr	Skyr [dairy_yogurt, 63 kcal]
  32	egg	egg	Egg, raw [eggs, 140 kcal]
  32	parmesan	parmesan	Parmesan [dairy_cheese, 406 kcal]
  32	celery	celery	Celery [non_starchy_veg, 17.6 kcal]
  32	herbs_basil	basil	Basil [leafy_greens, 34.8 kcal]
  31	herbs_mint	mint	Mint [leafy_greens, 57.6 kcal]
  30	vinegar	vinegar	Vinegar [sauce_dressing, 22.6 kcal]
  28	beef_mince	beef mince	Beef mince (5%) [red_meat, 130 kcal]
  28	black_beans	black beans	Black beans [legumes, 132 kcal]
  28	cheddar	cheddar	Cheddar [dairy_cheese, 399 kcal]
  27	stock_cube	beef stock	Stock [sauce_dressing, 240 kcal]
  26	cinnamon	cinnamon	Cinnamon [sauce_dressing, 243 kcal]
  26	rocket	rocket	Rocket [leafy_greens, 27.9 kcal]
  25	tortilla_wrap	tortillas	Tortilla wrap (wheat) [refined_grain, 305 kcal]
  25	herbs_coriander	fresh coriander	Coriander [leafy_greens, 22.3 kcal]
  25	green_peas	peas	Peas [legumes, 61.4 kcal]
  25	breadcrumbs	breadcrumbs	Breadcrumbs [refined_grain, 374 kcal]
  23	blueberries	blueberries	Blueberries [berries, 57.7 kcal]
  23	corn_tortilla_wrap_be	corn tortillas	Corn tortilla wrap, to be filled [refined_grain, 313 kcal]
  22	mushroom	mushrooms	Mushrooms [non_starchy_veg, 28 kcal]
  22	chia_seeds	chia seeds	Chia seeds [nuts_seeds, 442 kcal]
  22	sesame_oil	sesame oil	Sesame oil [other_added_fat, 900 kcal]
  22	herbs_dill	dill	Dill [leafy_greens, 43 kcal]
  21	plum	plums	Plum, raw [other_fruit, 46 kcal]
  20	vegetable_stock	vegetable stock	Vegetable stock (low salt) [sauce_dressing, 4 kcal]
  19	quinoa	quinoa	Quinoa [whole_grain, 358 kcal]
  18	sunflower_seeds	sunflower seeds	Sunflower seeds [nuts_seeds, 637.9 kcal]
  18	sweet_potato	sweet potato	Sweet potato [starchy_veg, 86.3 kcal]
  17	strawberries	strawberries	Strawberries [berries, 38.6 kcal]
  16	pita_bread	flatbreads	Pita bread [refined_grain, 275 kcal]
  16	lemon_wedge	lemon wedge	Lemon wedge [citrus, 27.6 kcal]
  15	tomato_puree	tomato paste	Tomato purée [non_starchy_veg, 99.2 kcal]
  14	brown_rice	brown rice	Brown rice [whole_grain, 350 kcal]
  14	cod	cod fillets	Cod [white_fish, 77.6 kcal]
  14	wholewheat_pasta	wholewheat pasta	Wholewheat pasta [whole_grain, 353 kcal]
  13	jam	blackcurrant jam	Jam [sugar_sweets, 308 kcal]
  13	tortilla_wholemeal	wholemeal tortillas	Wholemeal tortilla wrap [whole_grain, 290 kcal]
  13	herbs_bay_leaf	bay leaf	Bay leaf, dried [leafy_greens, 313 kcal]
  12	beef_chuck	beef chuck	Beef, chuck, raw [red_meat, 144 kcal]
  11	hot_sauce	hot sauce	Hot sauce (chilli) [sauce_dressing, 45 kcal]
  11	pear	pear	Pear [other_fruit, 32.3 kcal]
  11	salsa	salsa	Salsa [sauce_dressing, 36 kcal]
  11	lentils_cooked	cooked lentils	Lentils (cooked) [legumes, 104.1 kcal]
  11	pita_wholemeal	wholemeal pitta	Wholemeal pita bread [whole_grain, 265 kcal]
  11	mixed_seeds	mixed seeds	Mixed seeds [nuts_seeds, 580 kcal]
  10	coconut_milk	coconut milk	Coconut milk [other_added_fat, 188 kcal]
  10	turkey_breast	turkey breast	Turkey breast [lean_protein, 109 kcal]
  10	apricot_pitted	apricots	Apricot, pitted, raw [other_fruit, 45.9 kcal]
   9	herbs_chives	chives	Chives [leafy_greens, 30 kcal]
   9	polenta	polenta	Polenta [refined_grain, 350 kcal]
   8	noodles	noodles	Noodles [refined_grain, 104 kcal]
   8	curry_paste	curry paste	Curry paste [sauce_dressing, 301 kcal]
   8	corn_cake	corn cakes	Corn cake (puffed) [refined_grain, 385 kcal]
   7	mixed_nuts	mixed nuts	Mixed nuts [nuts_seeds, 607 kcal]
   7	peas_frozen	stir fry vegetables	Frozen mixed vegetables [non_starchy_veg, 65.1 kcal]
   7	raspberries	raspberries	Raspberries [berries, 49.2 kcal]
   7	orange	orange	Orange [citrus, 45.5 kcal]
   7	vinaigrette	vinaigrette	Vinaigrette [sauce_dressing, 492.7 kcal]
   7	yoghurt	yoghurt	Yoghurt, plain (average) [dairy_yogurt, 56.8 kcal]
   6	prawns	prawns	Prawns [shellfish, 93.8 kcal]
   6	turmeric	turmeric	Turmeric, ground [sauce_dressing, 312 kcal]
   6	ginger	ginger	Ginger [non_starchy_veg, 32.9 kcal]
   6	beef_steak	steak	Beef steak [red_meat, 223 kcal]
   6	coffee	black coffee	Coffee [coffee_tea, 6.9 kcal]
   5	mozzarella	mozzarella	Mozzarella [dairy_cheese, 227 kcal]
   5	melon	melon	Melon [other_fruit, 22.6 kcal]
   5	ham	ham	Ham [lean_protein, 135 kcal]
   5	bulgur	bulgur	Bulgur [whole_grain, 351 kcal]
   5	couscous_wholemeal	wholewheat couscous	Wholemeal couscous [whole_grain, 345 kcal]
   5	baked_beans	baked beans	Baked beans [legumes, 94 kcal]
   4	red_cabbage	red cabbage	Red cabbage [cruciferous_veg, 30 kcal]
   4	bulgur_wheat	bulgur wheat	Bulgur wheat [whole_grain, 347 kcal]
   4	maple_syrup	maple syrup	Maple syrup [sugar_sweets, 269.1 kcal]
   4	sausage	pork sausages	Sausage [red_meat, 327 kcal]
   4	radish	radishes	Radish [cruciferous_veg, 29.2 kcal]
   4	pork_chop	pork chops	Pork chop [red_meat, 164 kcal]
   4	goat_cheese	goat cheese	Goat cheese [dairy_cheese, 103 kcal]
   4	creme_fraiche	soured cream	Crème fraîche [other_added_fat, 292 kcal]
   4	coconut_yogurt	coconut yoghurt	Coconut yogurt, plain [dairy_yogurt, 140 kcal]
   3	poppy_seeds	poppy seeds	Poppy seeds [nuts_seeds, 525 kcal]

(198 aliments distincts atteints par le corpus)
